AX,AY,AZ,GPS_Lat,GPS_Long,GX,GY,GZ
-0.117844775,0.011584741,-0.1440769,33.8368052,-84.311771,-0.20093533,-0.08681898,-0.09001477
-0.82883555,4.8310814,8.623124,33.8368052,-84.311771,-0.56712955,4.400494,8.817757
0.101732664,-0.0050600017,-0.1358211,33.8368052,-84.311771,0.8324288,4.589138,8.571621
-0.42663804,-0.6791055,-0.36645067,33.8368052,-84.311771,-0.21918629,0.17666654,0.11258749
0.79255605,4.0092525,-0.17670059,33.8368052,-84.311771,-20.46637,-10.375417,-2.5643597
4.5209785,-24.250856,0.472977,33.8368052,-84.311771,-1.9463264,-1.1336602,9.506456
1.33E-04,-0.037950013,-0.004394212,33.8368052,-84.311771,-1.883445,-1.1659992,9.527417
0.0010652635,7.99E-04,-3.99E-04,33.8368052,-84.311771,-1.387581,-1.3606318,9.678931
-0.41811594,-0.42530647,-0.5838976,33.8368052,-84.311771,2.8443868,1.2423636,-3.4949965
-4.1627426,-2.6907213,13.255381,33.8368052,-84.311771,-0.767152,1.8840439,5.5197816
0.15193321,-0.432497,-0.30413273,33.8368052,-84.311771,0.15690385,2.8661902,7.992514
-0.24833956,-0.821984,-0.9335703,33.8368052,-84.311771,1.0989258,4.0537486,8.78961
0.33089748,0.074035816,-0.10040109,33.8368052,-84.311771,-0.09042931,4.4160647,8.960287
-0.5230444,-0.29734167,-0.08788424,33.8368052,-84.311771,0.37429354,3.9196017,8.738706
0.032224223,-0.03675159,-0.009187898,33.8368052,-84.311771,-0.19163829,4.2322116,8.874649
-0.023835272,0.059921075,-0.10812425,33.8368052,-84.311771,-0.23894899,4.1136355,8.92735
-0.046072647,0.021172112,-0.019574217,33.8368052,-84.311771,-0.21679081,3.8944492,8.986638
-0.072970554,-0.052730545,0.03368896,33.8368052,-84.311771,0.22457612,3.8842685,9.354942
0.12250531,-0.2836264,-0.21984376,33.8368052,-84.311771,1.6576711,2.8200772,8.634502
0.19481006,0.014780532,-0.028628957,33.8368052,-84.311771,0.9689711,2.7026987,10.362242
-0.41651803,-0.48589334,-0.2870885,33.8368052,-84.311771,1.3762025,2.669162,9.03335
0.067511074,0.21917798,0.40413436,33.8368052,-84.311771,2.2164166,2.1625183,8.877644
0.0636495,-0.054594755,0.050067388,33.8368052,-84.311771,0.45514092,1.6696485,10.470037
0.13888372,0.36938012,0.3460775,33.8368052,-84.311771,-0.6042595,3.7752743,8.217091
-0.004394212,0.16125427,0.59974337,33.8368052,-84.311771,0.5341917,2.55358,10.981473
-0.31185588,-0.09787109,0.48336333,33.8368052,-84.311771,1.5774226,1.924767,8.97466
-0.067777395,0.77924025,0.67364603,33.8368052,-84.311771,0.04431635,0.88692594,9.554965
-0.3387538,-0.05219791,0.54474914,33.8368052,-84.311771,-0.8324288,-0.01736722,9.293858
-0.2229064,0.38176382,0.31358695,33.8368052,-84.311771,-0.11877688,0.17883112,0.24833956
-1.9696822,-0.4395703,9.71127,33.8368052,-84.311771,-2.1074224,-0.48149118,9.950818
0.16391742,-0.33316118,0.21944429,33.8368052,-84.311771,-0.26949134,-0.46532172,9.551372
0.39521277,-0.71532446,0.6934866,33.8368052,-84.311771,0.34581116,0.9237166,1.6279889
1.5917954,2.0589137,9.514841,33.8368052,-84.311771,1.9888461,0.89231575,9.539394
-0.032756854,0.37936696,1.1796463,33.8368052,-84.311771,0.035286855,0.0027963168,0.93769825
0.8515926,1.0288581,8.984841,33.8368052,-84.311771,1.3480556,1.4396826,9.810083
0.03941475,0.18402427,-0.120774254,33.8368052,-84.311771,0.33656475,0.058090355,9.190253
-0.06511423,0.07869634,0.2817622,33.8368052,-84.311771,0.6210278,-0.28745744,9.962196
-0.33169642,0.10519477,-0.13142689,33.8368052,-84.311771,-1.2007337,-1.745705,9.80649
-0.43928805,0.3470096,-0.35473275,33.8368052,-84.311771,-1.2642138,-2.4200323,10.743721
0.635696,0.08335687,-0.753674,33.8368052,-84.311771,-1.598982,0.9881349,8.756672
0.7672561,0.1617869,-1.2879035,33.8368052,-84.311771,-0.07545757,2.1559308,6.583374
0.46485436,-0.6495444,-0.19547586,33.8368052,-84.311771,-0.36171725,-0.11857619,0.36111838
0.24594271,2.863162,-1.2879035,33.8368052,-84.311771,0.15885742,-0.23342587,-0.24740745
-1.6882135,2.875173,7.8990903,33.8368052,-84.311771,-1.194146,2.582326,9.394468
0.00519316,-0.0018642112,-2.66E-04,33.8368052,-84.311771,-1.2073212,2.6158626,9.19744
0.028628957,0.041678436,-0.011584741,33.8368052,-84.311771,0.6571344,-1.3555478,0.37976643
0.4401692,2.6619756,18.678743,33.8368052,-84.311771,-1.1444398,0.9528016,3.5572855
0.6522076,1.0122666,-1.2503531,33.8368052,-84.311771,-3.7052064,3.454879,6.878018
-0.731836,-0.44754383,-0.09121319,33.8368052,-84.311771,-0.091627054,-0.039525397,0.2347569
-0.40000644,-1.123054,-0.39468014,33.8368052,-84.311771,-4.038178,0.08503949,19.272224
-0.012650005,0.12556794,0.1769669,33.8368052,-84.311771,-1.534304,-0.34494892,9.725044
-0.0027963168,0.0034621065,-7.99E-04,33.8368052,-84.311771,-1.681027,-1.1288693,10.259834
-0.5147886,-0.21491691,0.059654757,33.8368052,-84.311771,0.5143891,0.30559748,-1.2024162
2.5877156,-0.5982708,12.843957,33.8368052,-84.311771,-2.0187895,0.80008984,3.302766
0.54474914,1.4419674,-0.12796478,33.8368052,-84.311771,-2.7260547,1.3564397,4.425048
-0.22650166,-0.75500554,0.27816695,33.8368052,-84.311771,-0.104802184,-0.038926527,0.5916832
-0.4283691,-1.0950909,0.43702435,33.8368052,-84.311771,-1.1648015,-2.094247,11.069507
-1.5002905,0.5030707,-0.028895274,33.8368052,-84.311771,-0.47430477,-1.373807,9.52562
0.012117373,-0.0035952644,0.004394212,33.8368052,-84.311771,0.6875023,-2.1211963,16.049107
0.07723161,-1.3596758,-0.47723806,33.8368052,-84.311771,1.2480444,-0.079050794,6.224651
0.9659277,1.1004173,-0.157659,33.8368052,-84.311771,-1.5349029,1.4744171,5.6305723
-0.2079927,0.07829687,-0.07390266,33.8368052,-84.311771,-0.10180784,-0.092824794,0.3509376
-0.505867,0.53449595,-0.55233914,33.8368052,-84.311771,-6.7798033,-2.6206536,23.171463
0.66938496,-0.31838062,0.33302802,33.8368052,-84.311771,-1.6977954,0.2485309,9.715462
5.33E-04,0.015180005,1.33E-04,33.8368052,-84.311771,-1.0911405,-0.22397724,14.384849
-0.27736798,-0.7787076,0.47630596,33.8368052,-84.311771,1.851705,0.7360108,9.16031
-0.02130527,0.7135934,-0.77737606,33.8368052,-84.311771,-1.0695812,0.5485646,6.66482
0.04846949,0.90081346,-0.02263685,33.8368052,-84.311771,-2.1122131,0.4874799,5.6533294
0.046605278,-0.06684528,0.24434482,33.8368052,-84.311771,0.27377272,-1.0122666,0.39294907
-0.12516375,-0.080248535,0.48628214,33.8368052,-84.311771,-2.278699,-0.5934798,9.356739
-0.6169207,1.9351844,0.26644903,33.8368052,-84.311771,-1.4061459,-0.010180783,9.643598
0.03235738,0.09081372,0.22157481,33.8368052,-84.311771,1.5013661,-0.6964854,16.403639
-0.25366586,-0.82904136,-2.245975,33.8368052,-84.311771,0.41202232,-0.16289254,7.2846503
0.33156326,1.1318425,-0.25819325,33.8368052,-84.311771,-1.883445,1.1468353,5.4095893
-0.26897904,-0.025433166,0.021704745,33.8368052,-84.311771,-0.0886327,-0.05030505,0.3371636
-0.14314479,-0.41318908,0.119708985,33.8368052,-84.311771,-3.6656811,0.78571695,21.882097
0.79521924,-1.5052173,0.79575187,33.8368052,-84.311771,-1.1995358,0.8815361,9.693304
0.004394212,0.0035952644,-6.66E-04,33.8368052,-84.311771,0.22637272,1.2169031,15.728113
-0.06831002,-0.98949665,1.3281173,33.8368052,-84.311771,0.2842922,0.24780692,0.06764423
0.6551634,1.4438747,4.8867764,33.8368052,-84.311771,-0.07186436,0.80727625,7.630198
-0.5263733,0.77857447,1.1369025,33.8368052,-84.311771,0.6354007,2.2248006,9.455553
0.4391549,-0.074035816,-0.023036323,33.8368052,-84.311771,0.39345735,4.0315905,8.8321295
0.16751269,-0.15246584,-0.11944267,33.8368052,-84.311771,-0.91627055,3.4997942,9.19205
-0.00519316,0.0013315794,-0.009321056,33.8368052,-84.311771,-0.9288468,3.4776359,8.920163
-0.38309538,-0.4127896,-0.17923059,33.8368052,-84.311771,0.2982371,3.7998278,12.178014
0.42890173,-0.19201376,-0.54221916,33.8368052,-84.311771,0.25571734,2.5386083,5.6509337
-0.6925545,0.68629605,-0.02077264,33.8368052,-84.311771,-0.20541228,-0.25392073,0.56353635
1.6402395,-2.1546288,-0.10080056,33.8368052,-84.311771,-1.0857507,0.1497174,8.638695
-0.25819325,0.04194475,-0.038882118,33.8368052,-84.311771,-0.48807874,1.1797732,9.719654
0.0015978953,0.001997369,-5.33E-04,33.8368052,-84.311771,-0.49825954,1.1791743,9.717258
0.008921582,0.02197106,-0.0026631588,33.8368052,-84.311771,-1.0120897,0.76834977,10.339484
0.004660528,1.5414363,-0.5581981,33.8368052,-84.311771,-2.9620092,0.5821013,11.533031
-0.28415903,-0.66272706,1.9959043,33.8368052,-84.311771,1.6073661,2.1882696,3.4956021
0.048735805,-0.16578163,-0.07976161,33.8368052,-84.311771,-0.110192016,-0.110790886,0.27188683
-1.0185251,0.6554034,-0.3210438,33.8368052,-84.311771,-0.19283602,0.2030168,5.779092
1.1174614,0.05060002,0.0054594753,33.8368052,-84.311771,0.11138975,1.6474904,9.652581
0.0011984215,-9.32E-04,0,33.8368052,-84.311771,0.093423665,1.630722,9.634615
-0.272308,0.05419528,-0.39547908,33.8368052,-84.311771,-1.6828237,1.387581,18.609875
0.42131174,0.026897904,0.14873742,33.8368052,-84.311771,0.18385299,0.06827114,4.788562
-0.18815216,-1.2175962,-0.27537063,33.8368052,-84.311771,2.1283827,1.3151177,5.140697
0.22037639,-0.0055926335,0.006524739,33.8368052,-84.311771,-0.10240671,-0.053299397,0.30063257
-0.21265323,0.9599356,0.3635212,33.8368052,-84.311771,-0.62462103,-0.3389602,2.255343
-0.5444828,1.8060211,0.04833633,33.8368052,-84.311771,-0.21798855,0.877344,9.731631
-9.32E-04,0.0037284223,-2.66E-04,33.8368052,-84.311771,-0.21858741,0.86536664,9.754988
3.99E-04,0.0015978953,-3.99E-04,33.8368052,-84.311771,-0.22457612,0.8623723,9.761575
0,0.0015978953,-9.32E-04,33.8368052,-84.311771,-0.22517498,0.86357003,9.754389
5.33E-04,0.0017310532,-2.66E-04,33.8368052,-84.311771,-0.2269716,0.8611745,9.754389
5.33E-04,0.0017310532,-5.33E-04,33.8368052,-84.311771,-0.22757046,0.85818017,9.756186
5.33E-04,0.0014647373,1.33E-04,33.8368052,-84.311771,-0.23116368,0.8503949,9.754389
5.33E-04,0.0010652635,-6.66E-04,33.8368052,-84.311771,-0.23355916,0.8515926,9.75379
0.0010652635,0.0013315794,-1.33E-04,33.8368052,-84.311771,-0.23595464,0.85518587,9.749598
5.33E-04,0.0011984215,-6.66E-04,33.8368052,-84.311771,-0.23176254,0.8503949,9.753191
0.0010652635,7.99E-04,-5.33E-04,33.8368052,-84.311771,-0.23715238,0.849796,9.749598
6.66E-04,5.33E-04,-3.99E-04,33.8368052,-84.311771,-0.24194333,0.85638356,9.762174
3.99E-04,0.0011984215,-3.99E-04,33.8368052,-84.311771,-0.25212413,0.84560394,9.756186
7.99E-04,9.32E-04,-5.33E-04,33.8368052,-84.311771,-0.23894899,0.8503949,9.756784
0.0011984215,0.0011984215,-3.99E-04,33.8368052,-84.311771,-0.23954785,0.84680164,9.754988
7.99E-04,9.32E-04,-5.33E-04,33.8368052,-84.311771,-0.24673429,0.8485983,9.762174
7.99E-04,0.0011984215,-9.32E-04,33.8368052,-84.311771,-0.24433881,0.8479994,9.758581
-1.33E-04,0.001997369,-0.0014647373,33.8368052,-84.311771,-0.23835011,0.8485983,9.758581
9.32E-04,0.0010652635,-3.99E-04,33.8368052,-84.311771,-0.34494892,0.87614626,9.731631
-0.0010652635,0.0077231606,0.07070687,33.8368052,-84.311771,-0.2856608,0.80368304,9.669349
-0.036485277,-0.11571425,-0.5551354,33.8368052,-84.311771,-3.3650484,0.21559307,17.044428
0.27297378,0.51079386,0.66432494,33.8368052,-84.311771,-0.9276491,1.492982,6.5109105
0.2601906,-0.7993471,1.6763253,33.8368052,-84.311771,1.7762474,2.1241906,7.075046
0.06551371,-0.22690113,0.68083656,33.8368052,-84.311771,1.3163154,0.8797395,4.474754
0.067111604,2.1307933,1.354882,33.8368052,-84.311771,-0.21199985,-0.23116368,0.7557735
-0.81466025,0.7303713,0.84448767,33.8368052,-84.311771,0.76056445,-0.24433881,9.161508
-0.007323687,0.011052109,-0.0026631588,33.8368052,-84.311771,1.5199311,-0.20780776,9.663361
-3.99E-04,-0.0031957906,-3.99E-04,33.8368052,-84.311771,1.52053,-0.19882472,9.659168
2.66E-04,-0.0013315794,0,33.8368052,-84.311771,1.5109481,-0.21259873,9.648988
-0.53263175,0.6253097,-0.50959545,33.8368052,-84.311771,-0.15810159,1.0785642,15.788
0.9747161,-0.024767376,0.7588671,33.8368052,-84.311771,-0.5066437,1.7690609,7.932627
-0.04141212,-1.2389015,0.06697845,33.8368052,-84.311771,2.3715239,0.7797283,4.147771
0.23715429,-0.3502054,-0.13662004,33.8368052,-84.311771,-0.08324288,-0.055096008,0.30302805
-0.53289807,1.092694,0.22983061,33.8368052,-84.311771,0.17606768,0.67013514,-1.7750496
-0.6740455,1.2749873,0.20373166,33.8368052,-84.311771,0.6036606,0.078451924,9.761575
0.02716422,0.1190432,-0.0030626326,33.8368052,-84.311771,-2.2038403,-0.39705056,12.034884
0.47670543,1.0764488,-0.8921582,33.8368052,-84.311771,-2.0798743,1.2282816,10.690422
0.4004059,-0.69694865,0.45287016,33.8368052,-84.311771,0.96118575,1.5840102,6.2623796
-0.10293109,-0.74102396,0.02716422,33.8368052,-84.311771,1.9068009,1.1258749,3.357263
0.509196,1.562209,0.79455346,33.8368052,-84.311771,-0.23355916,0.022757046,1.0522139
-0.71212864,0.8214513,0.88989455,33.8368052,-84.311771,1.534304,-1.0599992,11.795337
-0.002263685,-0.00519316,-3.99E-04,33.8368052,-84.311771,0.80188644,-0.7414006,9.716061
2.66E-04,-0.0015978953,-3.99E-04,33.8368052,-84.311771,0.8174571,-0.73481303,9.523225
-0.29987168,0.32690275,-0.5708481,33.8368052,-84.311771,-1.4001572,0.43178502,14.801063
0.8086682,-0.033156328,-0.33835432,33.8368052,-84.311771,-2.0289702,1.2708014,8.16978
0.2665822,-0.6673876,0.70267445,33.8368052,-84.311771,3.008721,1.9738743,4.9131265
-0.2789659,0.040213697,-0.5406212,33.8368052,-84.311771,-0.11797732,-0.041322004,0.26889247
0.37936696,1.2664652,0.37444013,33.8368052,-84.311771,4.1256127,0.72822547,19.819592
-1.5713968,-1.1619362,0.7424887,33.8368052,-84.311771,1.244451,-0.937231,9.655575
-9.32E-04,-0.004394212,-3.99E-04,33.8368052,-84.311771,1.5331063,-1.0594004,10.019089
-0.33928645,1.5660706,-3.1862032,33.8368052,-84.311771,-2.0475352,1.3282928,13.754239
0.16112112,-0.83969396,1.2363715,33.8368052,-84.311771,-0.63779616,1.2169031,5.759928
-0.42211068,-0.85087925,-0.150069,33.8368052,-84.311771,2.636224,0.5539544,5.6377587
0.49414912,-0.41239014,-0.40107173,33.8368052,-84.311771,-0.109593146,-0.07545757,0.22397724
-0.6322339,1.468599,0.17670059,33.8368052,-84.311771,-0.2742823,0.82404464,-2.724258
-0.9859014,2.575674,0.84062606,33.8368052,-84.311771,1.5235244,0.5138301,9.648988
0.09174582,0.28482485,-0.13089426,33.8368052,-84.311771,0.078451924,-0.8204514,15.928136
1.0771146,0.8026761,-0.9789772,33.8368052,-84.311771,-1.6834226,1.6762362,7.4631133
-0.20759323,-0.70240813,0.9088029,33.8368052,-84.311771,1.6438972,0.76834977,6.209679
-0.10705899,-0.39281592,-0.20386481,33.8368052,-84.311771,-0.0868361,-0.054497138,0.23176254
-0.25845957,0.61825234,0.058722652,33.8368052,-84.311771,2.1858742,1.13905,17.974474
0.16737953,-0.31305432,-0.25859272,33.8368052,-84.311771,0.9947225,0.3653105,9.876558
0.0014647373,-0.0010652635,-3.99E-04,33.8368052,-84.311771,0.99711794,0.3982483,9.625631
-0.012650005,0.077764235,-0.16871111,33.8368052,-84.311771,0.32458735,-0.16289254,15.54965
1.3108068,0.08721845,-0.04833633,33.8368052,-84.311771,-0.28086987,2.6446083,9.544785
0.295078,-0.57284546,0.5844302,33.8368052,-84.311771,2.5242355,1.5702362,5.1969905
-0.28482485,-0.46591964,0.3805654,33.8368052,-84.311771,1.9397388,0.42340082,2.6631732
0.36312172,1.4941653,0.46711805,33.8368052,-84.311771,0.6467792,3.3800201,18.902122
-0.54954284,1.8406422,0.6579334,33.8368052,-84.311771,2.4865067,-0.30781898,9.216603
0.0011984215,0.0029294747,-6.66E-04,33.8368052,-84.311771,1.254033,-0.122169405,9.6968975
0.004261054,-0.041278962,0.006524739,33.8368052,-84.311771,1.1007224,-0.6072538,10.311337
0.4926844,0.75407344,-2.482863,33.8368052,-84.311771,-0.4970618,3.3147435,14.523188
0.5942839,-0.5254412,0.43196437,33.8368052,-84.311771,0.6964854,1.5145413,5.751544
-0.39907435,-0.9247819,0.14367741,33.8368052,-84.311771,3.3500767,0.8875248,4.4262457
0.025699483,0.8162582,0.32330748,33.8368052,-84.311771,-0.14911854,-0.07006775,0.49825954
-0.03488738,-1.120524,0.4036017,33.8368052,-84.311771,-0.31440654,-0.32698283,8.66205
-0.22437114,0.3881554,0.0139815835,33.8368052,-84.311771,1.4043493,0.18505071,9.674739
0.001997369,-0.04833633,0.0038615803,33.8368052,-84.311771,0.9042932,-0.011378523,13.555414
0.7462171,0.46165857,-2.3307965,33.8368052,-84.311771,-0.30781898,3.615975,10.17779
0.20093533,-0.004660528,0.6044039,33.8368052,-84.311771,1.2462478,1.2103156,5.6689
-0.18136111,-0.33302802,-0.06697845,33.8368052,-84.311771,3.4950032,1.6858181,7.1996107
0.056059495,0.09587371,-0.059787914,33.8368052,-84.311771,-0.11378523,-0.09881349,0.15750271
-0.11571425,0.12596741,0.81346184,33.8368052,-84.311771,7.0714526,1.2929596,19.823183
0.4134554,0.87178504,0.19361165,33.8368052,-84.311771,1.6145525,0.12696037,9.823258
0.0010652635,9.32E-04,-3.99E-04,33.8368052,-84.311771,1.5834113,0.14073436,9.649587
-0.0118510565,-0.12929636,-0.19800586,33.8368052,-84.311771,-0.61264366,1.0330502,13.903956
0.2801643,0.65420496,-1.61454,33.8368052,-84.311771,-1.4001572,3.5824382,9.70049
0.5427518,-0.96286505,0.9546093,33.8368052,-84.311771,2.2445633,2.049332,6.8720293
-0.004394212,-0.44741067,0.15046847,33.8368052,-84.311771,3.919003,1.5678407,6.146199
0.0997353,0.30839378,-0.051931597,33.8368052,-84.311771,0.123367146,0.13893776,0.63779616
-0.490687,1.4116074,0.16897742,33.8368052,-84.311771,-3.7615001,1.24505,21.93899
0.10799109,-0.90693873,0.5902892,33.8368052,-84.311771,-0.22517498,0.48628214,8.706367
9.32E-04,0.0035952644,-7.99E-04,33.8368052,-84.311771,-0.21858741,0.5545533,9.778343
0.004660528,-0.014514215,-6.66E-04,33.8368052,-84.311771,-2.7613878,-0.7743384,9.989744
-0.5391565,1.6074827,-2.1485033,33.8368052,-84.311771,-0.31081334,2.3122356,14.70764
1.6327827,-1.0795114,0.781504,33.8368052,-84.311771,-0.39285848,1.8115807,6.1917133
-0.17936374,-0.6850976,0.8383624,33.8368052,-84.311771,4.0226073,1.9900438,4.507093
-0.16458322,0.25180167,0.13915005,33.8368052,-84.311771,2.0553205,1.2761912,2.916495
-0.2713759,1.9085528,0.15592794,33.8368052,-84.311771,-5.315567,2.277501,22.171352
-0.70081025,1.5080137,-0.08335687,33.8368052,-84.311771,0.280271,1.2408578,8.654864
-2.66E-04,-0.016511586,-0.0010652635,33.8368052,-84.311771,0.032338962,0.78571695,9.678931
-0.44421488,-0.08761793,-0.8214513,33.8368052,-84.311771,-1.7139649,-0.59288096,14.380057
0.64182127,0.00905474,-0.4074633,33.8368052,-84.311771,-2.0565183,2.9009244,10.116106
0.7699192,-1.369263,1.1551452,33.8368052,-84.311771,3.9028335,2.006812,4.767002
-0.60546917,-0.01358211,0.17097479,33.8368052,-84.311771,4.907138,1.3606318,5.5209794
-0.006391581,-0.26857957,0.7733813,33.8368052,-84.311771,-0.11558184,-0.13175131,0.34554777
-0.0010652635,1.3133367,1.2471572,33.8368052,-84.311771,1.097728,-1.6900101,1.7522925
1.9848523,1.282311,-0.3292996,33.8368052,-84.311771,1.1174908,-0.0125762625,9.726841
9.32E-04,-5.33E-04,-2.66E-04,33.8368052,-84.311771,1.4336939,-0.03174009,9.612456
-0.5838976,0.68176866,-1.2582093,33.8368052,-84.311771,0.03473444,1.3588352,12.787065
0.24953797,-0.1031974,-0.69881284,33.8368052,-84.311771,-3.2075458,1.7205524,9.319011
-0.05299686,-0.98829824,1.3363731,33.8368052,-84.311771,3.169817,0.49825954,4.8029346
-0.05619265,0.05938844,-0.109722145,33.8368052,-84.311771,1.6265299,0.7198413,2.769772
0.5255744,-0.2406164,0.6072002,33.8368052,-84.311771,-0.12516375,-0.061084703,0.50903916
-0.44394857,0.6439518,0.6620613,33.8368052,-84.311771,0.82703894,0.1736722,10.535913
0.044341594,0.15406373,-0.0031957906,33.8368052,-84.311771,0.5228132,-0.18684733,9.73762
-1.8016269,1.4187979,-2.6399894,33.8368052,-84.311771,0.5383838,-2.9889584,14.829809
1.6711322,-0.24900535,0.4637891,33.8368052,-84.311771,-1.8523037,0.64138937,7.0768423
0.043542646,-0.8886961,0.57670707,33.8368052,-84.311771,1.6666542,1.7217503,4.9215107
-0.580036,-0.99708664,0.58922386,33.8368052,-84.311771,-0.080248535,-0.092824794,0.3174009
0.20266639,1.4421005,0.5443497,33.8368052,-84.311771,1.1156942,-1.7469027,4.8400645
1.2809794,0.27776745,-0.16658059,33.8368052,-84.311771,0.9839428,0.5952764,9.713666
0.046605278,-0.40000644,0.00519316,33.8368052,-84.311771,-2.0217838,-0.3293783,14.148295
0.9242493,1.0482193,-1.353151,33.8368052,-84.311771,-0.5916832,2.5703485,10.610772
0.58376443,-0.5419528,0.5667202,33.8368052,-84.311771,1.4875922,1.0965303,5.6754875
-0.19041586,-0.46778384,-0.015180005,33.8368052,-84.311771,2.0217838,0.5030505,2.7206647
0.24021693,-0.41185752,0.6065344,33.8368052,-84.311771,-0.108994275,-0.06647453,0.5461691
-0.6093307,0.7539403,0.56205964,33.8368052,-84.311771,1.9457275,0.16409028,10.808399
0.014913689,0.042344224,2.66E-04,33.8368052,-84.311771,0.42879066,-0.058090355,9.766965
-0.7203845,0.57763916,-0.82797605,33.8368052,-84.311771,-0.44076806,1.24505,13.214658
0.27310693,0.039148435,0.3210438,33.8368052,-84.311771,-2.9668002,1.479208,9.23996
-0.36258906,-1.0976208,1.1379677,33.8368052,-84.311771,1.7169592,0.6060561,6.607329
0.31851378,-0.6350302,-0.27590325,33.8368052,-84.311771,-0.07186436,-0.09701688,0.19942358
0.47723806,-0.18069533,0.09108003,33.8368052,-84.311771,4.2669463,3.4722462,13.9165325
0.50386965,0.22197428,0.09174582,33.8368052,-84.311771,0.7294232,0.34135568,8.023057
3.99E-04,-0.0037284223,-9.32E-04,33.8368052,-84.311771,-1.6870158,-0.28326535,11.149156
-0.6455497,1.4784526,-1.1982883,33.8368052,-84.311771,-1.0929371,0.053898267,11.352772
0.7424887,-0.83822924,0.32051116,33.8368052,-84.311771,-1.4283041,0.951005,9.814276
0.45699805,-1.0265145,0.5482112,33.8368052,-84.311771,2.4200323,1.0492196,6.0054646
-0.15845795,-0.068176866,0.1583248,33.8368052,-84.311771,1.162406,0.31620318,3.8824718
0.5207807,1.1223882,0.81279606,33.8368052,-84.311771,-0.34435004,3.4668562,15.053786
0.029827379,0.87551343,0.60160756,33.8368052,-84.311771,2.003219,0.22816934,11.828873
-0.00519316,-0.026897904,-5.33E-04,33.8368052,-84.311771,1.3941685,0.26470038,9.56814
-0.3900196,0.34514537,-0.6163881,33.8368052,-84.311771,0.9474118,2.6206536,16.108994
-0.08215845,-0.035286855,0.30160272,33.8368052,-84.311771,0.0670734,0.62462103,6.32586
-0.06498107,-0.20785955,0.44874227,33.8368052,-84.311771,2.5254333,1.2546319,4.542426
0.23129535,0.569117,0.0075900024,33.8368052,-84.311771,-0.107197665,-0.056892615,0.43477935
-0.6945518,0.5669865,0.15406373,33.8368052,-84.311771,0.89411235,0.27068907,10.227495
-0.014514215,-0.09920266,-5.33E-04,33.8368052,-84.311771,1.5390949,0.11737845,9.625631
0.023302639,0.03435475,-0.12237215,33.8368052,-84.311771,1.5091515,-0.6006662,14.761538
0.85633874,0.44314963,-1.5793864,33.8368052,-84.311771,-0.41681325,0.9623835,9.195643
0.16165374,-0.67178184,0.5432844,33.8368052,-84.311771,1.4887899,2.0050156,6.8558598
-0.15779217,-0.14514215,-0.30186906,33.8368052,-84.311771,0.9528016,0.56533295,1.5995808
-0.15433006,0.25939167,-0.61558914,33.8368052,-84.311771,0.95938915,5.1059623,20.8742
-0.34780854,-0.22916481,0.16045532,33.8368052,-84.311771,0.44496015,1.7714564,8.263204
-0.0018642112,-1.33E-04,-3.99E-04,33.8368052,-84.311771,0.49346858,1.9696822,9.583112
-1.33E-04,3.99E-04,1.33E-04,33.8368052,-84.311771,0.4928697,1.9636935,9.586106
0.030493168,-0.0030626326,0.0033289485,33.8368052,-84.311771,0.7414006,1.9409364,9.786129
-0.74049133,0.6562023,-0.7588671,33.8368052,-84.311771,-2.6955123,-0.9192649,11.957031
0.74195606,-1.3736573,-0.4327633,33.8368052,-84.311771,2.7128794,0.8048808,4.858629
-0.37337488,0.1801627,-0.32304117,33.8368052,-84.311771,-0.27967212,-0.11558184,0.87075645
-1.3642031,-2.3963103,0.8283756,33.8368052,-84.311771,-1.0941348,-6.380956,-1.957106
-3.0542436,8.201331,-1.9130801,33.8368052,-84.311771,-2.1559308,4.3340197,-4.516675
3.4838111,-1.161803,0.589357,33.8368052,-84.311771,0.10360444,0.36650822,-9.763371
0.0010652635,3.99E-04,-2.66E-04,33.8368052,-84.311771,0.3653105,0.29344612,-9.80649
-1.004943,0.55859756,3.4272192,33.8368052,-84.311771,8.875248,4.343003,-4.3477936
0.43995383,4.9987493,2.6832657,33.8368052,-84.311771,6.1432047,-1.5402927,10.164615
1.3334436,0.7202513,0.072171606,33.8368052,-84.311771,0.3096156,3.2225175,4.9490585
-0.24767376,-0.48083332,0.30186906,33.8368052,-84.311771,-0.1143841,-0.020361567,0.11618071
-0.9370324,3.1567752,1.294961,33.8368052,-84.311771,-3.0129132,0.119773924,6.2036905
-0.09440898,-0.3359575,-0.012783162,33.8368052,-84.311771,-1.8618857,0.36770597,9.590898
0.06804371,-0.110387936,-0.031292114,33.8368052,-84.311771,-2.7715688,-0.9348355,9.690908
-0.8298403,3.0129647,0.17110795,33.8368052,-84.311771,-9.928061,-0.17846315,8.965677
1.021854,-2.380864,2.2648835,33.8368052,-84.311771,3.0716023,2.2074335,3.7429352
-0.7687208,0.105727404,-0.012650005,33.8368052,-84.311771,0.2760789,-0.19403376,0.34554777
1.3499552,1.2443609,0.3045322,33.8368052,-84.311771,-1.7085751,4.240596,10.5952015
-1.6176027,0.295078,0.16658059,33.8368052,-84.311771,0.09042931,1.8037953,9.548976
0.03155843,-0.1339569,-0.9756482,33.8368052,-84.311771,-1.5744283,1.4223154,12.855934
-0.60453707,1.1884346,0.14048162,33.8368052,-84.311771,-3.7123928,-0.57072276,7.3565145
0.06697845,-1.3558141,-0.49841017,33.8368052,-84.311771,2.4493768,1.5582588,4.838268
-0.039947383,-0.22943114,-0.51305753,33.8368052,-84.311771,-0.11198862,0.32219186,0.8863271
0.16897742,-1.6180022,0.46765068,33.8368052,-84.311771,1.2169031,4.864618,12.181008
-0.22343902,-0.17496954,-0.6986797,33.8368052,-84.311771,-0.44795448,1.5073549,10.049631
0.016777901,0.08615319,-0.0118510565,33.8368052,-84.311771,-0.9911292,0.8030842,9.656174
-0.1440769,0.1367532,-1.1757846,33.8368052,-84.311771,-2.333795,3.1859865,14.429764
-0.28482485,-0.0017310532,1.5998926,33.8368052,-84.311771,-1.2043269,-0.01676835,6.2504025
-0.31185588,-0.6699176,-0.78856134,33.8368052,-84.311771,2.5523825,2.7206647,3.9621215
0.86259717,-0.5777723,-0.43209752,33.8368052,-84.311771,-0.10001123,-0.07366096,0.010180783
-0.107857935,0.43928805,-0.5980123,33.8368052,-84.311771,-2.4924955,-2.319422,4.670584
-1.3014857,-0.09547424,-0.17590164,33.8368052,-84.311771,-1.3085302,1.5163379,9.587903
-0.0014647373,0.014780532,-0.002396843,33.8368052,-84.311771,-1.6540779,0.5821013,9.531011
-0.711596,1.5089458,-1.0982867,33.8368052,-84.311771,-10.208931,1.424112,13.958453
-0.2675143,-2.326136,2.7748783,33.8368052,-84.311771,0.82943445,-0.17187558,6.8277125
0.32091063,-0.623845,-0.9729851,33.8368052,-84.311771,1.6852192,2.1984503,2.329004
1.2897679,0.31411958,-0.63489705,33.8368052,-84.311771,-0.093423665,-0.040723134,0.18505071
-1.4891052,1.8231986,-0.11757846,33.8368052,-84.311771,-1.7157615,1.3187109,8.722536
-0.1535311,-0.052064754,-0.025033694,33.8368052,-84.311771,-1.8259535,1.4540554,9.492682
0.03182475,-0.06218476,-0.3047985,33.8368052,-84.311771,-2.9739866,-0.20002246,10.449078
-0.6147902,1.3863074,0.5685844,33.8368052,-84.311771,-6.4426394,-1.7397163,9.950818
0.20879164,-1.6924374,0.23928481,33.8368052,-84.311771,1.1180896,0.28805628,7.160085
0.32716906,-0.5356944,-0.65553653,33.8368052,-84.311771,0.99891454,0.7036718,1.3654227
-0.47697175,-0.45513386,-1.1313099,33.8368052,-84.311771,-8.365011,1.1863607,17.103117
0.42743698,-0.54754543,0.16604795,33.8368052,-84.311771,-3.8165963,0.5910843,15.110679
0.02530001,0.0636495,0.012783162,33.8368052,-84.311771,-2.7200658,0.40004492,9.51544
-0.23915166,-0.017044216,-0.5170523,33.8368052,-84.311771,-6.223453,-0.50544596,11.932478
-0.63782656,-0.61825234,2.1327908,33.8368052,-84.311771,-4.750234,-0.7845192,7.876932
0.2636527,-1.3460937,0.18216006,33.8368052,-84.311771,1.9804618,2.453569,4.555002
0.090281084,0.018242639,0.3371559,33.8368052,-84.311771,0.71505034,0.24972863,1.5139425
-1.0163946,-1.5235932,0.49002123,33.8368052,-84.311771,0.6623498,-0.3096156,18.990755
0.5253081,2.4150856,-0.55380386,33.8368052,-84.311771,-0.58509564,0.8306322,9.729835
5.33E-04,0.0030626326,-0.0011984215,33.8368052,-84.311771,-0.70067745,0.82524234,9.777145
0.106393196,3.99E-04,-1.2776505,33.8368052,-84.311771,-3.5620766,-0.0059886966,9.615451
-1.4350431,2.1698086,-0.34754223,33.8368052,-84.311771,-10.655088,-2.2858853,10.583224
0.10106688,-3.9341514,1.9196049,33.8368052,-84.311771,2.889546,-0.040723134,6.5210915
0.442617,-0.02143843,-0.24953797,33.8368052,-84.311771,3.4758394,2.0882585,1.979863
-0.23928481,-0.7266429,-0.14580795,33.8368052,-84.311771,0.17906202,0.19583037,-0.5719205
-0.026764747,-0.015579479,0.05179844,33.8368052,-84.311771,-1.814575,0.86716324,9.8687725
-0.12397004,0.039814223,-0.019041585,33.8368052,-84.311771,-7.452334,0.74798816,14.206386
-1.0942919,-0.4922849,2.1999023,33.8368052,-84.311771,0.6887001,-0.16109593,6.3108883
0.13848425,-1.010003,-0.38975328,33.8368052,-84.311771,3.8621104,1.2007337,1.6798294
-1.0351698,-0.43063277,-0.015180005,33.8368052,-84.311771,5.9102445,-3.6261556,7.180447
0.503337,3.3814127,-0.58642757,33.8368052,-84.311771,-3.2686305,1.455852,12.252274
-0.14207952,-0.67724127,0.010253161,33.8368052,-84.311771,-0.86357003,0.77673393,9.71127
0.0017310532,0.0025300009,-5.33E-04,33.8368052,-84.311771,-1.3025415,0.6354007,9.691507
0.055926334,0.1852227,-0.42290962,33.8368052,-84.311771,-1.5959876,-0.013175132,9.788525
-0.6804371,0.8900277,-0.8064045,33.8368052,-84.311771,-10.264626,-5.0514655,10.305348
-0.23475745,-1.9675417,1.9724686,33.8368052,-84.311771,-0.03293783,-0.28506196,7.2283564
0.610396,-1.6217306,-0.46871597,33.8368052,-84.311771,3.8555226,2.3679307,3.087173
-0.35433328,0.18335849,0.2431464,33.8368052,-84.311771,-0.10300558,-0.024553655,0.24194333
-0.76978606,-1.391101,0.10000161,33.8368052,-84.311771,-1.0647902,1.5822135,10.025078
-0.07416897,1.9086859,-0.08628634,33.8368052,-84.311771,-0.40543476,1.0905416,9.659168
0.037151065,0.14301163,-0.0015978953,33.8368052,-84.311771,-0.7455927,0.9587903,9.845417
-0.08415582,-0.31997854,-0.94555455,33.8368052,-84.311771,-11.583936,-2.1996481,10.339484
-1.2982899,2.6988451,0.64728075,33.8368052,-84.311771,-3.4153535,0.8881237,6.3144813
-0.9675256,-2.7166884,0.80121136,33.8368052,-84.311771,2.9314668,1.3109256,6.138414
0.51878333,-0.6552702,-0.90534085,33.8368052,-84.311771,1.2456489,-0.39345735,1.5175357
-0.54781175,-0.4812328,0.59588176,33.8368052,-84.311771,-1.5055583,2.3823035,19.225512
0.6069339,1.9062891,-0.46139225,33.8368052,-84.311771,-1.3791968,1.1875585,9.526818
0.001997369,-0.006657897,7.99E-04,33.8368052,-84.311771,-1.3534454,1.3193098,9.613055
-1.33E-04,-0.0013315794,-5.33E-04,33.8368052,-84.311771,-1.3546431,1.3097279,9.620242
-6.66E-04,-6.66E-04,-0.0015978953,33.8368052,-84.311771,-1.3528465,1.3031403,9.619643
7.99E-04,-5.33E-04,-0.0014647373,33.8368052,-84.311771,-1.3510499,1.3007449,9.604073
0.0017310532,0.015978953,-0.0010652635,33.8368052,-84.311771,-1.7175581,1.1091065,9.605869
0.049401596,-0.027430536,-0.7575355,33.8368052,-84.311771,-3.1620317,-0.69349104,9.468129
-0.4134554,2.0088208,-1.1454246,33.8368052,-84.311771,-13.033799,-0.82703894,7.474492
-1.2972246,-2.216414,2.6200156,33.8368052,-84.311771,-1.0078976,0.76834977,8.097317
0.043542646,-1.1496856,0.74075764,33.8368052,-84.311771,1.244451,1.8211626,4.8430586
0.12996215,-0.31744853,0.2511359,33.8368052,-84.311771,-0.49227083,0.5204177,2.8416364
-0.11771162,0.5577986,1.341433,33.8368052,-84.311771,3.8165963,1.4402815,20.638844
0.7593997,-0.059921075,0.76951975,33.8368052,-84.311771,1.2019314,1.4977729,10.456862
0.043675803,0.010652635,-0.0031957906,33.8368052,-84.311771,1.2073212,1.424112,9.603474
5.33E-04,-0.0014647373,-6.66E-04,33.8368052,-84.311771,1.2079201,1.4199198,9.612456
2.66E-04,-0.0011984215,-5.33E-04,33.8368052,-84.311771,1.2210952,1.4223154,9.60527
5.33E-04,3.99E-04,-0.0018642112,33.8368052,-84.311771,1.2145076,1.424112,9.602276
1.33E-04,-9.32E-04,3.99E-04,33.8368052,-84.311771,1.2192986,1.4127334,9.557361
0.08149266,0.029561063,-0.013315794,33.8368052,-84.311771,1.2845753,-0.078451924,14.518995
-0.028895274,1.0118672,-2.5979114,33.8368052,-84.311771,-1.8409252,1.4169255,6.605532
-0.1266332,-1.7969664,0.86579293,33.8368052,-84.311771,2.889546,0.30242917,4.804132
0.26205483,-0.070041075,-0.21944429,33.8368052,-84.311771,0.5347906,0.2682936,2.277501
-0.49814385,0.29334694,0.31185588,33.8368052,-84.311771,-1.0773665,-1.428903,20.552008
-0.055793177,1.6671374,0.33396012,33.8368052,-84.311771,-0.9168694,1.0204738,10.085564
0.15499584,-0.117445305,0.00519316,33.8368052,-84.311771,-0.70247406,1.2336714,9.699891
0.006791055,-0.0017310532,0.0057257917,33.8368052,-84.311771,-0.7018752,0.6761238,9.73223
0.13302478,0.07243792,-1.3045484,33.8368052,-84.311771,-2.62245,0.027548004,10.501778
-0.63210076,1.6707327,-1.7219985,33.8368052,-84.311771,-7.018153,-0.8857282,11.1365795
0.013448952,-2.1006997,1.4688653,33.8368052,-84.311771,0.93363774,0.25451958,5.4425273
0.18069533,-0.60160756,-0.28868642,33.8368052,-84.311771,4.1052513,1.1815698,4.5831494
-0.09374319,0.4869586,0.12756531,33.8368052,-84.311771,-0.080248535,-0.032338962,0.33416927
-0.11837741,-0.03488738,0.03169159,33.8368052,-84.311771,-0.105999924,0.99352473,6.8151364
0.42251015,1.9765965,-0.2792322,33.8368052,-84.311771,-0.28745744,1.1522251,9.723846
0.0037284223,0.0101200035,-0.0014647373,33.8368052,-84.311771,-1.0156829,0.3311749,9.623236
0.12050793,0.4571312,-2.2074924,33.8368052,-84.311771,-10.164016,-1.8085864,9.127372
-1.5960311,3.9842188,-1.1118689,33.8368052,-84.311771,-5.4634876,-0.94381857,6.620504
-0.059921075,-3.4218926,1.096023,33.8368052,-84.311771,3.2907887,0.09701688,7.216379
-0.026631588,-0.47510752,-0.6395576,33.8368052,-84.311771,3.1859865,0.19403376,3.0171053
-1.0206556,-0.15472953,0.5189165,33.8368052,-84.311771,-1.0114908,0.35213536,23.598457
1.463672,2.1269317,0.44687805,33.8368052,-84.311771,-0.6234233,0.978553,8.914174
0.013315794,0.045673173,-0.0017310532,33.8368052,-84.311771,-0.85818017,1.2151065,9.656174
0.044075277,0.109455824,-0.0054594753,33.8368052,-84.311771,-2.5302243,-0.17846315,9.580716
-1.2270504,1.2676636,-2.2133512,33.8368052,-84.311771,-11.527042,-5.062245,7.9392147
-0.123037934,-3.0024452,1.9651449,33.8368052,-84.311771,-0.09881349,-1.2672081,7.0013847
0.10186583,-1.1054772,-0.58309865,33.8368052,-84.311771,2.8775685,0.5186211,4.267545
-0.2557964,-0.061518967,0.55140704,33.8368052,-84.311771,-0.080248535,-0.08444062,0.41322005
0.3798996,0.08681898,0.7941539,33.8368052,-84.311771,-1.2971517,2.4260209,10.358648
0.7699192,0.35939327,-0.014913689,33.8368052,-84.311771,-1.1839653,2.117603,9.486095
0.010652635,0.025033694,-0.0010652635,33.8368052,-84.311771,-1.8594903,2.1571283,9.636412
-0.117844775,-0.35353434,-1.3082768,33.8368052,-84.311771,-8.964479,-1.226485,13.242206
-0.036485277,1.4639384,0.8319708,33.8368052,-84.311771,-1.5552645,-0.31680202,7.2373395
-0.8246471,-1.9321218,0.017177375,33.8368052,-84.311771,2.5811281,-0.08264401,6.0863123
0.4720449,-0.45100594,-0.8057387,33.8368052,-84.311771,0.86177343,-0.15929933,0.44675675
-0.08974845,0.66392547,0.49414912,33.8368052,-84.311771,-4.2244263,1.3282928,20.41906
-0.29041746,0.58469653,0.036085803,33.8368052,-84.311771,-1.143841,1.8163716,9.602875
-0.008255793,-0.005992107,-0.0049268436,33.8368052,-84.311771,-1.3276939,1.7463039,9.554965
0.05938844,0.09600688,-0.029294748,33.8368052,-84.311771,-3.1476588,0.019163828,10.362242
-1.3191957,2.4236076,-1.341433,33.8368052,-84.311771,-6.5803795,-1.3163154,9.121384
-0.024367902,-2.442516,1.4587452,33.8368052,-84.311771,2.0289702,-1.2360669,7.6960735
0.09014793,-0.5769734,-0.63210076,33.8368052,-84.311771,2.2954674,1.1031178,3.6057942
-0.18508954,0.24088271,0.28975168,33.8368052,-84.311771,-0.107197665,-0.053898267,0.55096006
-0.13608742,1.0865688,0.18335849,33.8368052,-84.311771,-0.91627055,2.048733,11.439608
0.3292996,0.0026631588,0.0077231606,33.8368052,-84.311771,-0.85638356,1.5229255,9.648389
0.0014647373,0.0017310532,-7.99E-04,33.8368052,-84.311771,-1.0623947,1.3061347,9.672942
0.02463422,-0.044874225,-0.33822116,33.8368052,-84.311771,-4.6178837,0.21559307,13.024217
-0.46325648,1.984586,-0.2295643,33.8368052,-84.311771,-4.4783473,-0.7827226,7.9619718
-0.05166528,-2.2250693,0.75141025,33.8368052,-84.311771,1.8475128,0.8030842,4.5861435
0.32091063,-0.5853623,-0.092811085,33.8368052,-84.311771,-0.091627054,-0.095819145,0.20361568
-1.2673973,-0.72451234,0.25606272,33.8368052,-84.311771,-3.5117714,-1.1228806,16.186848
-0.29081693,-0.70626974,-0.74009186,33.8368052,-84.311771,-1.6576711,1.2714002,9.572931
0.004394212,0.011451583,-1.33E-04,33.8368052,-84.311771,-1.690609,0.89411235,9.595089
-0.20905797,-0.12144004,-0.93769825,33.8368052,-84.311771,-5.482053,-2.4793203,11.55998
-1.2042804,1.042094,0.25979114,33.8368052,-84.311771,-4.390912,-1.9271625,9.536999
0.26378587,-2.015878,0.20666112,33.8368052,-84.311771,2.0577161,-0.15271176,6.2875323
0.55739915,-0.5878923,-0.089082666,33.8368052,-84.311771,0.9929259,0.1419321,2.5499868
0.08428898,-0.09534109,0.69388604,33.8368052,-84.311771,-1.7534903,1.8816484,20.886776
1.5627416,1.9985676,0.4637891,33.8368052,-84.311771,-1.2420557,2.0547218,9.098626
-0.0057257917,-0.0031957906,-0.0050600017,33.8368052,-84.311771,-1.2061235,2.255343,9.472321
0.0139815835,0.030626327,0.0034621065,33.8368052,-84.311771,-1.5630498,1.6295242,9.360931
-0.5765739,0.365918,-2.214816,33.8368052,-84.311771,-9.484898,-3.6656811,11.399484
0.16471638,-1.8394438,1.4397037,33.8368052,-84.311771,-0.48328778,-0.9581914,7.4487405
0.15219952,-1.2229226,-0.63276654,33.8368052,-84.311771,4.048958,1.5390949,4.133997
-0.1339569,0.052597385,-0.22716744,33.8368052,-84.311771,-0.09881349,-0.25931054,0.418011
-1.8009611,0.36112434,0.45473436,33.8368052,-84.311771,-0.2563162,0.937231,9.175282
4.7489448,1.1880351,0.46738437,33.8368052,-84.311771,-1.3797957,6.3198714,7.3104014
-0.0813595,0.167779,-0.055793177,33.8368052,-84.311771,-1.8732642,6.175544,7.584085
-0.21505007,0.12676635,-0.29561064,33.8368052,-84.311771,-4.0429688,8.951903,4.9466634
-0.2020006,-0.16192006,0.49401596,33.8368052,-84.311771,-1.2192986,0.0059886966,9.4837
-1.8751302,-0.063782655,0.034088433,33.8368052,-84.311771,-1.6534791,1.5876034,9.521428
3.99E-04,0.006924213,0.0034621065,33.8368052,-84.311771,-1.6486881,1.5468802,9.528615
0.0011984215,0.0031957906,3.99E-04,33.8368052,-84.311771,-1.6498859,1.5247221,9.535202
0.0017310532,0.002130527,9.32E-04,33.8368052,-84.311771,-1.6648576,1.5570611,9.523225
-0.007856319,-0.0031957906,-0.006657897,33.8368052,-84.311771,-1.6606655,1.5145413,9.529813
-0.0015978953,0.0011984215,-0.0017310532,33.8368052,-84.311771,-1.6540779,1.5055583,9.529813
0.0055926335,0.002130527,0.0037284223,33.8368052,-84.311771,-1.6660553,1.5372983,9.530412
1.33E-04,0.0033289485,-0.0011984215,33.8368052,-84.311771,-1.6732417,1.5133436,9.5364
-0.001997369,9.32E-04,-0.0031957906,33.8368052,-84.311771,-1.6708463,1.5013661,9.541191
5.33E-04,3.99E-04,-3.99E-04,33.8368052,-84.311771,-1.6648576,1.5055583,9.550174
7.99E-04,0.0011984215,-2.66E-04,33.8368052,-84.311771,-1.6528802,1.5049593,9.548377
0.0017310532,3.99E-04,1.33E-04,33.8368052,-84.311771,-1.6540779,1.5175357,9.548377
-3.99E-04,0.001997369,-9.32E-04,33.8368052,-84.311771,-1.6618632,1.5043606,9.549575
3.99E-04,0.0011984215,-9.32E-04,33.8368052,-84.311771,-1.6642587,1.502564,9.555564
0.0017310532,0.0025300009,-1.33E-04,33.8368052,-84.311771,-1.6576711,1.4971741,9.550773
0.0010652635,-6.66E-04,1.33E-04,33.8368052,-84.311771,-1.6612644,1.5145413,9.546581
-7.99E-04,-0.002130527,-9.32E-04,33.8368052,-84.311771,-1.6684508,1.5468802,9.512445
0.077364765,0.02649843,-0.004793686,33.8368052,-84.311771,-2.857806,0.32698283,9.763371
-0.68429863,1.8787254,-1.7429043,33.8368052,-84.311771,-11.028783,-0.59587526,9.482502
-0.67604285,-3.2506516,2.148104,33.8368052,-84.311771,1.1222817,-0.61444026,7.0403113
0.2893522,-0.85487396,-0.9114661,33.8368052,-84.311771,2.1930606,2.1247895,3.2027547
-0.057790548,0.21651481,0.63276654,33.8368052,-84.311771,-0.1341468,-0.14851967,0.8342254
1.8357154,1.5691332,0.7354313,33.8368052,-84.311771,-1.4211177,2.45836,10.015496
-0.20266639,-0.03302317,-0.015446321,33.8368052,-84.311771,-1.2558296,1.8343377,9.572931
0.01358211,-0.016644742,0.0010652635,33.8368052,-84.311771,-2.3589475,0.780926,9.608863
-0.92105347,1.1835078,-2.1445086,33.8368052,-84.311771,-7.528989,-1.2438523,10.3903885
0.4536691,-2.2220066,1.7869796,33.8368052,-84.311771,1.6750383,0.39525396,6.5899615
-0.25792694,-0.64634866,-0.44061962,33.8368052,-84.311771,2.8907437,0.8462028,1.4971741
-0.49521437,-0.17816533,0.36551854,33.8368052,-84.311771,-1.0354456,-2.0565183,23.055882
1.1130673,2.9647615,-0.521047,33.8368052,-84.311771,-2.4978852,1.4157279,9.731032
-0.044341594,-0.075234234,-7.99E-04,33.8368052,-84.311771,-1.9295579,0.9899315,9.433394
0.067777395,-0.09081372,-0.040346857,33.8368052,-84.311771,-5.856945,0.06527679,11.682749
-1.1905651,2.4035008,-0.2769685,33.8368052,-84.311771,-5.2071714,-0.4204065,7.428379
-0.019041585,-2.7525077,1.1611372,33.8368052,-84.311771,3.0650148,1.2743946,4.695737
0.40280277,-0.3704454,-0.6676539,33.8368052,-84.311771,0.15989819,0.092225924,-0.1341468
-0.1693769,1.0365014,0.17843165,33.8368052,-84.311771,-5.492832,1.9589026,22.489351
0.17310533,-0.25286692,-0.27017745,33.8368052,-84.311771,-1.2642138,1.4642363,9.563349
0.0284958,-0.03874896,-0.13422321,33.8368052,-84.311771,-3.6884382,0.85818017,11.08867
-0.50480175,2.5736766,-0.78882766,33.8368052,-84.311771,-6.6995544,-0.45693752,7.5421643
-0.2424806,-3.335207,1.6831163,33.8368052,-84.311771,1.2618183,1.7277389,1.2534342
0.44687805,-0.4945486,-0.066712126,33.8368052,-84.311771,0.77793163,0.4635251,3.4884157
0.14434321,1.7329174,0.52264494,33.8368052,-84.311771,-5.366471,5.191601,15.779616
-0.08522108,-0.29987168,-0.111586355,33.8368052,-84.311771,-1.4306996,1.7247446,9.481903
0.14234585,0.19800586,-0.21505007,33.8368052,-84.311771,-5.423363,-0.37189806,11.067111
-1.526789,1.9960375,-0.86446136,33.8368052,-84.311771,-5.883894,-1.3636261,7.6912827
0.11358372,-3.1561096,0.85487396,33.8368052,-84.311771,3.3836133,0.2982371,5.8641315
0.1282311,-0.47630596,-0.6801708,33.8368052,-84.311771,1.0767676,-0.011977393,0.50903916
-0.5828323,0.81159765,0.30945906,33.8368052,-84.311771,-4.647827,-1.428903,21.635363
0.7500787,0.63090235,-0.008788424,33.8368052,-84.311771,-0.8186548,1.4402815,9.618445
0.001997369,7.99E-04,-1.33E-04,33.8368052,-84.311771,-1.6133548,0.4401692,9.475914
0.022770008,0.07257108,-1.2383689,33.8368052,-84.311771,-3.7369466,0.91447395,16.38627
-1.2365047,0.46525383,1.0503498,33.8368052,-84.311771,-1.2330726,-0.9072875,6.960063
-7.99E-04,-1.6050858,0.039681066,33.8368052,-84.311771,3.233896,1.4295018,3.914811
0.42024645,0.024234746,-0.2732401,33.8368052,-84.311771,-0.07366096,-0.060485832,0.2365535
0.35193643,-0.2362222,0.19108164,33.8368052,-84.311771,-1.2600217,-2.025377,7.254707
-0.33409327,1.3435637,0.8494145,33.8368052,-84.311771,-1.061197,-0.8336265,9.793315
0.07456845,-0.006391581,-0.5878923,33.8368052,-84.311771,-7.4128084,-0.1616948,10.211925
-0.7310371,4.941225,-1.9502312,33.8368052,-84.311771,-5.493431,-0.0886327,5.296403
-1.170192,-3.3557134,0.945954,33.8368052,-84.311771,2.6476026,-0.6204289,5.3497024
0.7977492,-0.6021402,-0.648346,33.8368052,-84.311771,-0.025152525,-0.060485832,0.20181906
-0.28921905,-0.07696529,1.0329062,33.8368052,-84.311771,0.0011977393,1.1965415,23.018154
0.3577954,0.6522076,-0.20386481,33.8368052,-84.311771,-1.0522139,2.012801,9.550174
9.32E-04,-0.0031957906,-9.32E-04,33.8368052,-84.311771,-1.5714339,2.1349702,9.483101
0.05552686,0.0118510565,-1.491502,33.8368052,-84.311771,-5.4862447,-2.2110267,15.0460005
-1.5262563,0.17550217,0.4356928,33.8368052,-84.311771,-0.5976719,-1.8702699,7.8853164
-0.29547748,-2.0899138,-0.33768854,33.8368052,-84.311771,3.3081558,0.780926,3.1889808
0.06271739,0.08309056,0.054727912,33.8368052,-84.311771,-0.025152525,-0.15211289,0.5569488
-0.85567296,-0.08415582,0.9006803,33.8368052,-84.311771,0.015570611,0.7378074,9.011191
1.3293157,0.28296062,-0.3792338,33.8368052,-84.311771,-0.44316354,1.7756485,9.626829
6.66E-04,0.007323687,-0.0033289485,33.8368052,-84.311771,-1.8013998,1.2270839,9.812479
-0.30186906,0.067511074,-1.3749889,33.8368052,-84.311771,-5.1125503,1.9636935,14.084216
-0.026764747,-1.4680663,1.5402379,33.8368052,-84.311771,1.79601,-0.560542,7.9032826
-0.75806814,-0.8916256,-0.96286505,33.8368052,-84.311771,3.0440543,1.3881798,2.5889134
0.45087278,0.13595426,0.29334694,33.8368052,-84.311771,0.21499419,-0.2503275,3.662088
1.184573,2.7192183,0.44022015,33.8368052,-84.311771,-1.566643,2.2206087,9.968185
-0.34874064,-0.071505815,-0.008788424,33.8368052,-84.311771,-2.3541565,1.4696261,9.688513
-0.25845957,0.052464228,-1.083373,33.8368052,-84.311771,-6.407905,1.0438298,15.750871
-0.27883273,-0.272308,0.8010782,33.8368052,-84.311771,-0.6270165,1.5953887,6.641464
-0.22943114,-0.91479504,0.52810436,33.8368052,-84.311771,3.027885,-0.20541228,5.7826853
0.103863195,-0.114915304,-0.30959222,33.8368052,-84.311771,-0.14851967,-0.22158177,0.86357003
0.48549384,0.04913528,1.2122699,33.8368052,-84.311771,-0.1479208,5.081409,20.981997
0.2146506,1.0655298,0.47524068,33.8368052,-84.311771,0.011378523,2.0092077,9.588502
0.07363634,0.10692582,-0.001997369,33.8368052,-84.311771,0.030542351,1.9367445,9.608863
2.66E-04,-5.33E-04,-5.33E-04,33.8368052,-84.311771,-2.1846764,0.5964742,11.610885
-1.6346469,1.25022,-2.702041,33.8368052,-84.311771,-4.8155107,0.14732192,9.670547
-0.5625923,-0.72717553,1.3496889,33.8368052,-84.311771,0.7611633,-0.78751355,7.112775
-0.3134538,-1.1793798,-0.7636608,33.8368052,-84.311771,1.332485,-0.120971665,1.3366771
0.05179844,0.32823431,0.660996,33.8368052,-84.311771,-0.13175131,-0.09821462,0.8677621
-0.3479417,1.0803103,0.8041408,33.8368052,-84.311771,-0.13833888,0.4078302,11.110828
2.1871192,-0.2833601,-0.08562055,33.8368052,-84.311771,-0.41561553,1.4420781,9.6310215
-0.055793177,-0.19161427,-0.809334,33.8368052,-84.311771,-6.4731817,-1.1707902,14.730995
0.67764074,0.7687208,0.11265162,33.8368052,-84.311771,-5.4323463,-0.43657598,7.891305
-0.50360334,-1.9793928,1.2038809,33.8368052,-84.311771,0.56473404,-0.42160422,6.5480404
0.36285537,-0.75593764,-0.7824361,33.8368052,-84.311771,-0.08324288,-0.10300558,0.16409028
0.66365916,-0.5139896,0.5010733,33.8368052,-84.311771,0.15929933,6.689973,18.020586
1.0857699,0.55992913,-0.07177213,33.8368052,-84.311771,-0.46771717,2.0882585,9.94423
2.66E-04,-0.008255793,-5.33E-04,33.8368052,-84.311771,-5.407793,1.0689822,12.157653
-1.6199995,1.5523553,-2.2612882,33.8368052,-84.311771,-3.8016245,-0.6150391,10.9138
0.50839704,-1.1013494,1.1093388,33.8368052,-84.311771,-0.3826777,0.822248,7.615825
-0.6340981,-1.4676669,0.20679428,33.8368052,-84.311771,0.78751355,0.55934423,2.2104278
0.3390201,1.0052093,0.79348814,33.8368052,-84.311771,-0.16109593,-0.2269716,0.85279036
-0.5435507,0.41412118,1.3411667,33.8368052,-84.311771,0.5126324,0.76236105,9.285474
1.3503547,-0.17590164,-0.1250353,33.8368052,-84.311771,0.629412,1.4324962,9.670547
0.0015978953,5.33E-04,-5.33E-04,33.8368052,-84.311771,0.63779616,1.4348917,9.667553
0.0013315794,0.0011984215,-1.33E-04,33.8368052,-84.311771,0.6348018,1.4384849,9.664558
0.0017310532,0.0010652635,-5.33E-04,33.8368052,-84.311771,0.6354007,1.4330951,9.6639595
0.0011984215,0.0015978953,-6.66E-04,33.8368052,-84.311771,0.629412,1.4396826,9.663361
9.32E-04,0.0013315794,-6.66E-04,33.8368052,-84.311771,0.32219186,1.5600554,9.717258
-0.0074568447,-0.123703726,-0.5227781,33.8368052,-84.311771,0.6563611,1.1857619,10.513756
-0.7266429,1.4302495,-1.5037526,33.8368052,-84.311771,-3.1362803,1.3516488,10.946738
-0.47603965,-1.6180022,0.94861716,33.8368052,-84.311771,1.1558183,-1.3444623,8.446457
-0.026232114,-0.6809697,-0.892824,33.8368052,-84.311771,3.165026,0.80967176,2.0104053
-0.22157481,0.38828856,0.23755376,33.8368052,-84.311771,-0.10360444,-0.6587566,4.5699744
-0.3858917,-0.8724508,0.9143956,33.8368052,-84.311771,0.6114459,0.03473444,8.372197
0.75460607,0.27044377,-0.172839,33.8368052,-84.311771,0.4341805,1.7061796,9.587304
0.06271739,0.10133319,0.011984214,33.8368052,-84.311771,-0.3862709,0.9701688,12.2193365
-0.93623346,2.240915,-1.2006851,33.8368052,-84.311771,-3.4836247,0.96477896,9.741214
-0.33156326,-1.9322549,0.54807806,33.8368052,-84.311771,2.6655688,-0.56173974,5.31916
-0.33422643,-1.2527499,-0.7032071,33.8368052,-84.311771,2.4008684,1.4534566,1.7373208
-1.093493,0.310258,0.34967276,33.8368052,-84.311771,-2.3852978,-10.444286,19.352472
1.7126775,0.9860346,0.9841703,33.8368052,-84.311771,0.06647453,0.909683,9.984954
0.075900026,-0.08775108,0.0031957906,33.8368052,-84.311771,-1.7486993,0.8168582,9.71127
0.167779,-0.047404226,-1.0724541,33.8368052,-84.311771,-1.9924393,1.0725756,16.767752
0.3980091,0.1700427,0.28442535,33.8368052,-84.311771,0.38147995,0.13594341,7.4996443
-1.0443578,-1.5612769,0.060453705,33.8368052,-84.311771,4.0902796,2.2547443,-0.54197705
1.033572,0.28069693,0.05752423,33.8368052,-84.311771,-0.280271,-0.42938954,0.48628214
-1.466069,2.7988467,0.43143174,33.8368052,-84.311771,-0.7773328,0.41262117,9.690908
1.772998,-0.36192328,0.04846949,33.8368052,-84.311771,-2.3433769,0.36171725,9.692106
-0.40346855,0.42690435,-1.9626149,33.8368052,-84.311771,-7.8847175,-4.8400645,13.4572
0.36511907,-1.8747306,0.86179817,33.8368052,-84.311771,0.03593218,-1.6373096,5.729386
1.1386336,-1.5502248,-1.1984215,33.8368052,-84.311771,4.6789684,3.6483138,-0.4611296
-0.015845794,0.36005908,0.65487075,33.8368052,-84.311771,-0.7342142,-0.80428195,0.698282
-1.2495542,2.5948489,2.2507687,33.8368052,-84.311771,-0.008983045,0.12875697,9.663361
1.5113426,-0.29774114,-0.06338318,33.8368052,-84.311771,-2.0163941,0.86357003,9.625032
0.10333056,0.39880803,-1.3883047,33.8368052,-84.311771,-4.0693192,-0.7054684,16.448553
0.04673844,-1.0309088,0.9956219,33.8368052,-84.311771,-0.37728786,-1.4953774,8.058989
-0.11731215,-1.3974925,-0.9741835,33.8368052,-84.311771,5.333533,2.1385634,4.110042
0.02583264,-0.3045322,-0.24647535,33.8368052,-84.311771,-0.027548004,-0.12995471,0.23116368
-1.340501,0.26551694,0.12277162,33.8368052,-84.311771,-0.89770555,-4.622076,23.100798
1.9465028,1.9784607,0.010253161,33.8368052,-84.311771,-0.918666,1.461242,9.552569
0.034754224,0.11864372,0.0031957906,33.8368052,-84.311771,-2.7038965,0.6563611,12.775686
-0.7519429,0.8329029,-0.47324333,33.8368052,-84.311771,-3.7327545,0.57611257,11.27432
-0.35033855,-0.27044377,1.1290462,33.8368052,-84.311771,-0.21918629,-0.23296028,8.030842
-0.747815,-1.1500851,-0.15086795,33.8368052,-84.311771,2.1948571,0.22996594,5.598233
0.12982899,-0.10772477,0.2665822,33.8368052,-84.311771,1.3193098,-5.99E-04,7.804469
0.4692486,-0.885234,0.07829687,33.8368052,-84.311771,-0.10240671,-0.121570535,0.121570535
0.7366297,-1.3595426,-0.009853687,33.8368052,-84.311771,-2.4703372,0.40004492,7.1307406
0.34874064,-0.49987492,-0.71692234,33.8368052,-84.311771,0.23715238,1.3534454,9.703485
7.99E-04,0.0058589494,-6.66E-04,33.8368052,-84.311771,0.23775125,1.3474567,9.701688
0.0011984215,0.0034621065,-6.66E-04,33.8368052,-84.311771,0.2269716,1.3522476,9.702886
0.0010652635,0.0025300009,-5.33E-04,33.8368052,-84.311771,-0.21020325,1.0641913,9.719654
-0.08202529,-0.020373166,-1.8933728,33.8368052,-84.311771,-2.1535351,0.9366321,9.754988
0.10519477,0.12210583,-0.18695375,33.8368052,-84.311771,-1.2043269,0.6851069,9.576525
0.019441059,0.053396333,-0.03036001,33.8368052,-84.311771,-0.8797395,0.6761238,9.625032
0.0017310532,-0.23062955,0.23755376,33.8368052,-84.311771,-0.86476773,0.4695138,10.072389
-0.31185588,-0.15539531,-0.057923704,33.8368052,-84.311771,1.5450836,0.5443725,8.557847
-0.2966759,0.10506161,-0.08096003,33.8368052,-84.311771,0.86716324,0.22757046,9.634016
-0.03941475,0.1684448,0.0025300009,33.8368052,-84.311771,0.5521578,0.15690385,9.773553
0.05299686,-0.26618272,-0.057391074,33.8368052,-84.311771,0.47430477,0.0670734,9.781338
0.024367902,0.06950845,-0.007856319,33.8368052,-84.311771,0.1814575,0.04431635,9.843021
-0.025033694,0.030892642,-0.010652635,33.8368052,-84.311771,-0.078451924,0.108994275,9.802897
0.040213697,-0.006657897,-0.001997369,33.8368052,-84.311771,0.17247446,0.15510723,9.746603
0.04287686,-0.118910044,-0.022237375,33.8368052,-84.311771,-0.07006775,0.21199985,9.797507
0.02530001,0.07603318,0.001997369,33.8368052,-84.311771,-0.2269716,0.30482465,9.795711
0.007190529,0.042211067,-0.002130527,33.8368052,-84.311771,-0.335367,0.32518622,9.79032
0.0030626326,0.006924213,-0.002263685,33.8368052,-84.311771,-0.34375116,0.33776248,9.774151
0.0026631588,0.019840533,7.99E-04,33.8368052,-84.311771,-0.40303928,0.34015796,9.784931
0.0010652635,-0.010519478,-0.0031957906,33.8368052,-84.311771,-0.36770597,0.3473444,9.78014
-0.0025300009,-0.0027963168,-7.99E-04,33.8368052,-84.311771,-0.34554777,0.32578507,9.781338
0.0010652635,-0.0061252653,-0.0034621065,33.8368052,-84.311771,-0.30602238,0.3389602,9.7897215
0.0058589494,-0.022370534,-0.009454214,33.8368052,-84.311771,0.1694801,0.43717483,10.602987
0.080693714,-0.37124434,-0.1953427,33.8368052,-84.311771,-0.3533331,0.32279074,13.532059
0.28642273,-0.06924213,-0.054062124,33.8368052,-84.311771,-0.38507318,0.8953101,7.7206273
0.36871433,0.20186743,0.08309056,33.8368052,-84.311771,0.14492646,2.2152188,7.0942097
-0.5984118,-0.40626487,0.06085318,33.8368052,-84.311771,-0.08444062,1.9002134,9.039937
0.27337325,0.09014793,0.49108648,33.8368052,-84.311771,-0.47430477,2.2535465,9.503462
-0.14434321,0.0661795,-0.12889689,33.8368052,-84.311771,0.11378523,1.5378972,9.716061
-0.14793848,-0.039814223,-0.017044216,33.8368052,-84.311771,-0.20421454,1.3336827,9.8017
0.021704745,0.020373166,-0.059654757,33.8368052,-84.311771,-0.45094883,1.1150953,7.0409102
0.587626,-1.3932315,-0.21491691,33.8368052,-84.311771,-0.16828237,-0.08983044,0.1419321
0.10772477,-1.6297201,-0.95527506,33.8368052,-84.311771,-3.7058053,0.5066437,7.3553166
-1.5789869,2.0129485,0.17536901,33.8368052,-84.311771,-0.74080175,1.2348692,9.692106
0.0029294747,0.00519316,3.99E-04,33.8368052,-84.311771,-0.7539769,1.2216941,9.619643
0.022503693,0.09733845,-7.99E-04,33.8368052,-84.311771,0.50364935,0.3551297,9.493281
-0.9530114,-1.3054805,-1.0375667,33.8368052,-84.311771,3.0015347,-2.2080324,15.155594
0.13715267,1.1267825,-0.6398239,33.8368052,-84.311771,0.26350263,-1.5983831,8.0925255
0.81439394,0.20080218,0.07643266,33.8368052,-84.311771,-0.66294867,1.5319085,7.672119
0.12290478,-0.0569916,-0.033156328,33.8368052,-84.311771,-0.77014637,2.0038178,8.757271
0.14780532,-0.047936857,0.19361165,33.8368052,-84.311771,-0.5515589,2.0858629,9.754988
-0.12237215,-0.072970554,-0.036485277,33.8368052,-84.311771,-0.7707452,2.2996595,9.281281
-0.024367902,0,-0.064448446,33.8368052,-84.311771,-0.6761238,2.0379534,9.634016
0.020639481,0.011584741,-0.02197106,33.8368052,-84.311771,-0.96178466,1.0588015,3.7812629
0.5503418,-0.56405705,0.7266429,33.8368052,-84.311771,-0.110192016,-0.11318636,0.50604486
-0.72930604,2.3751383,1.0512819,33.8368052,-84.311771,-2.663772,1.3762025,12.312759
-0.3739075,-0.1868206,-0.050733175,33.8368052,-84.311771,-1.7091739,1.5510724,9.5364
0.0017310532,0.0018642112,-5.33E-04,33.8368052,-84.311771,-0.5701239,1.2151065,9.637011
-0.20306586,-1.3355742,-0.63156813,33.8368052,-84.311771,4.1645393,-0.4539432,12.80024
-0.8468845,1.4502231,-0.21398482,33.8368052,-84.311771,0.57072276,-1.9601003,8.973463
0.51452225,0.9321056,-0.012383688,33.8368052,-84.311771,-0.26889247,1.0785642,7.9284353
0.37444013,-0.2934801,-0.45193806,33.8368052,-84.311771,-1.0911405,2.292473,8.372796
0.5616602,-0.010918951,-0.05219791,33.8368052,-84.311771,-0.7611633,3.441105,8.665045
-0.019174743,-0.12689951,-0.004394212,33.8368052,-84.311771,-0.6839091,3.2686305,9.174084
-0.0284958,-0.06391581,0.014780532,33.8368052,-84.311771,-0.48268893,3.3422914,9.178875
-0.06897581,0.015180005,0.00905474,33.8368052,-84.311771,-0.48388666,3.0937605,9.311225
-0.03368896,0.022370534,0.014114741,33.8368052,-84.311771,-0.6922933,2.8679867,8.638695
-0.24674167,-0.047137912,0.079894766,33.8368052,-84.311771,-0.07665531,-0.04910731,0.29883596
0.04340949,-0.4458128,0.019574217,33.8368052,-84.311771,-0.51622564,-0.6258188,-3.8758843
-0.5077312,0.4692486,0.15805848,33.8368052,-84.311771,-1.4163266,0.67193174,9.671744
1.33E-04,0.0014647373,-6.66E-04,33.8368052,-84.311771,-1.4121346,0.67911816,9.67414
3.99E-04,0.004394212,-1.33E-04,33.8368052,-84.311771,0.6551634,0.026350264,9.6639595
-0.31864694,-2.0564911,-0.49095333,33.8368052,-84.311771,5.7108207,-0.7156492,13.539844
-0.44181806,1.3724589,-0.026098955,33.8368052,-84.311771,0.43298274,-1.0929371,8.260808
0.44141856,0.41811594,0.07270423,33.8368052,-84.311771,-0.918666,1.8684733,8.335068
-0.23449114,-0.17683375,0.25126904,33.8368052,-84.311771,-0.87614626,2.3990717,7.933226
0.43396172,0.29987168,-0.14620742,33.8368052,-84.311771,-0.89291465,3.2859976,8.46622
-0.01744369,0.18389112,-0.0014647373,33.8368052,-84.311771,-0.80967176,2.7188683,9.192649
0.017576847,0.09361003,0.08934898,33.8368052,-84.311771,-0.16109593,-0.07605644,0.4695138
-0.087351605,-1.6491611,0.5154544,33.8368052,-84.311771,-6.522888,2.0104053,14.906465
0.6000097,-0.41705066,0.4356928,33.8368052,-84.311771,-1.2917618,0.9677733,9.71127
0.002263685,0.0049268436,-3.99E-04,33.8368052,-84.311771,-1.2797844,0.9551971,9.375903
0.090946876,0.2526006,-0.022903167,33.8368052,-84.311771,-3.9016356,-2.0433433,14.098589
-0.6952176,1.064864,-0.3036001,33.8368052,-84.311771,-3.9064267,0.9078864,10.101733
0.9823061,-0.3771033,2.361556,33.8368052,-84.311771,0.8863271,2.9063144,6.702549
-0.45553333,-0.081758976,0.17550217,33.8368052,-84.311771,2.348168,2.9075122,5.3694654
-0.098403715,-0.37750277,0.10466214,33.8368052,-84.311771,0.50544596,0.19642924,1.1001235
-0.40866172,-0.13129373,-0.46299016,33.8368052,-84.311771,-1.024666,3.8591158,20.129805
-0.22463745,0.7898929,-0.33262855,33.8368052,-84.311771,-0.06767227,1.2252873,9.063892
0.029427905,-0.0038615803,0.0038615803,33.8368052,-84.311771,-0.3012314,1.3750046,9.704083
7.99E-04,0.0014647373,-0.0010652635,33.8368052,-84.311771,-0.2982371,1.38279,9.698693
0.0010652635,0.0010652635,-7.99E-04,33.8368052,-84.311771,-0.30781898,1.3756036,9.697496
9.32E-04,0.0010652635,-6.66E-04,33.8368052,-84.311771,-0.31799978,1.38279,9.681926
0.004394212,0.020106848,0.0057257917,33.8368052,-84.311771,-0.49825954,1.3360782,9.564547
0.14527531,0.1962748,-0.07137266,33.8368052,-84.311771,-4.3609686,0.8174571,11.790545
-0.9606014,2.6285377,-0.59561545,33.8368052,-84.311771,-3.7249691,0.80368304,7.800277
0.123703726,-2.1016319,0.8126629,33.8368052,-84.311771,2.5733428,0.7078639,6.339634
0.8010782,-0.85460764,-0.5146554,33.8368052,-84.311771,3.1943707,1.6115582,3.0859752
-0.4727107,0.74501866,-0.2767022,33.8368052,-84.311771,-6.339035,-0.93363774,20.36097
0.33009854,-0.11092056,-0.24181482,33.8368052,-84.311771,-0.24613541,1.3246996,9.394468
-0.0018642112,9.32E-04,-1.33E-04,33.8368052,-84.311771,-0.44436127,1.364225,9.769959
-7.99E-04,-0.0762995,-0.20160112,33.8368052,-84.311771,-5.3095784,-0.028745743,12.82659
-0.9213198,2.2784655,-0.11078741,33.8368052,-84.311771,-4.168133,-0.4006438,8.814163
0.5082639,-2.309225,0.23848587,33.8368052,-84.311771,2.3829024,2.0151963,3.9758954
0.6780402,-0.41611856,-0.30000484,33.8368052,-84.311771,0.5084403,0.31081334,0.42100537
-0.23941797,-0.7470161,-0.09693898,33.8368052,-84.311771,-2.5146537,4.0783024,15.103492
-0.45979437,0.079628445,-0.30000484,33.8368052,-84.311771,-0.021559307,1.4384849,9.620841
0.0034621065,0.024501061,0.0029294747,33.8368052,-84.311771,-0.8024853,0.73660964,9.466931
-0.47071332,0.72051764,-0.55992913,33.8368052,-84.311771,-7.124752,-2.6440094,14.212374
-0.5394228,-1.6832495,1.478852,33.8368052,-84.311771,-0.57072276,-1.0779654,5.1484823
1.1961578,-1.1892335,-1.0036114,33.8368052,-84.311771,2.5098627,2.287682,3.5998054
0.059921075,0.20466375,0.29481167,33.8368052,-84.311771,-0.059886962,-0.094621405,0.4539432
-1.0222535,0.1123853,0.11132004,33.8368052,-84.311771,-0.58090353,1.6450949,9.810682
0.7960182,1.0438251,-0.11864372,33.8368052,-84.311771,-0.86357003,1.607965,9.5980835
0.029294748,0.12197267,0.008255793,33.8368052,-84.311771,-1.9565071,1.1360557,10.072389
-0.8769782,2.426537,-0.9018787,33.8368052,-84.311771,-7.408616,-2.025377,10.048433
-0.119309515,-2.644783,1.123054,33.8368052,-84.311771,0.7036718,-0.5683273,7.193622
0.54115385,-1.6468974,-0.91199875,33.8368052,-84.311771,4.745443,1.9714788,2.6727552
-0.55420333,0.56405705,0.22703429,33.8368052,-84.311771,-0.07605644,-0.05150279,0.5539544
-0.023968428,3.1574411,-0.16285217,33.8368052,-84.311771,-1.1085078,1.5361006,11.972602
-0.059654757,0.20240007,0.015978953,33.8368052,-84.311771,0.20661002,1.2875698,9.666954
0.06657897,0.16791217,-0.07749792,33.8368052,-84.311771,-0.35632744,1.4875922,11.146162
-0.38362804,1.545431,-0.44727752,33.8368052,-84.311771,-4.5633864,-0.40543476,10.967099
-0.2569948,-0.9230508,1.1604714,33.8368052,-84.311771,0.87674516,-0.7629599,8.6884
0.08428898,-0.8281092,-0.450207,33.8368052,-84.311771,3.3470824,1.4199198,6.1222444
0.69601655,-0.10159951,-0.26258746,33.8368052,-84.311771,-0.14612418,-0.09102818,0.10120897
0.24194798,-1.2719246,0.04261054,33.8368052,-84.311771,-4.5148783,5.0083466,11.512071
-0.58403075,1.0447572,-1.0157287,33.8368052,-84.311771,-1.0402366,1.6540779,9.616649
0.0013315794,0.002396843,-2.66E-04,33.8368052,-84.311771,-1.0450275,1.644496,9.606468
0.0010652635,9.32E-04,-5.33E-04,33.8368052,-84.311771,-1.0420332,1.6468915,9.605869
9.32E-04,5.33E-04,-3.99E-04,33.8368052,-84.311771,-1.0432309,1.6486881,9.615451
0.0010652635,5.33E-04,-2.66E-04,33.8368052,-84.311771,-1.0402366,1.6456938,9.608264
5.33E-04,6.66E-04,-3.99E-04,33.8368052,-84.311771,-1.042632,1.6456938,9.607666
-1.33E-04,-3.99E-04,-6.66E-04,33.8368052,-84.311771,-1.0390388,1.6456938,9.609462
2.66E-04,1.33E-04,-2.66E-04,33.8368052,-84.311771,-1.0360445,1.6474904,9.603474
0,-2.66E-04,-2.66E-04,33.8368052,-84.311771,-1.0402366,1.6468915,9.601078
2.66E-04,0,0,33.8368052,-84.311771,-1.042632,1.6480893,9.6046715
2.66E-04,1.33E-04,2.66E-04,33.8368052,-84.311771,-1.0396377,1.649287,9.611857
-1.33E-04,0,2.66E-04,33.8368052,-84.311771,-1.2971517,1.722948,9.565744
0.06724476,0.008122634,-0.0905474,33.8368052,-84.311771,-3.2021558,0.37369466,9.553168
-0.84675133,2.974482,-0.8450203,33.8368052,-84.311771,-10.053823,-0.2958416,7.39604
-0.8102661,-3.263435,1.8595506,33.8368052,-84.311771,0.6563611,-0.6653442,6.8468766
0.4371575,-1.2753868,-0.8364982,33.8368052,-84.311771,4.03698,2.351761,3.7105963
-0.053795807,0.31984538,-0.08229161,33.8368052,-84.311771,-0.105401054,-0.1658869,0.45034996
-1.1045451,0.6788392,0.63303286,33.8368052,-84.311771,-0.11857619,0.91447395,9.12318
1.3411667,0.03688475,-0.099868454,33.8368052,-84.311771,0.025751395,1.5396938,9.677733
7.99E-04,0.002130527,-2.66E-04,33.8368052,-84.311771,-0.739604,0.93962646,9.709474
-0.0569916,-0.03155843,-1.2642015,33.8368052,-84.311771,-7.828424,-1.1683947,12.163641
-1.0337051,0.4384891,0.5366265,33.8368052,-84.311771,-4.4028897,-1.1150953,9.518434
0.29401273,-2.3924487,0.25313324,33.8368052,-84.311771,3.0290825,0.8605757,6.0282216
0.394547,-0.68962497,-0.40346855,33.8368052,-84.311771,4.1010594,2.3697271,2.6667664
0.3755054,0.55899704,0.5451486,33.8368052,-84.311771,-0.26889247,-0.4006438,0.09821462
1.6446338,-1.9825885,0.61585546,33.8368052,-84.311771,-0.080248535,0.7815249,4.9700193
-0.5609944,2.5514393,-0.1712411,33.8368052,-84.311771,0.7000786,0.89770555,9.717258
7.99E-04,0.008921582,-1.33E-04,33.8368052,-84.311771,-1.6900101,0.41082457,9.662762
-0.077764235,0.6442181,-1.5853784,33.8368052,-84.311771,-6.211476,1.892428,13.472172
-0.4074633,-0.3992075,0.44807646,33.8368052,-84.311771,-0.918666,0.091627054,7.4631133
-0.35193643,-1.509079,0.03488738,33.8368052,-84.311771,3.8369577,0.4910731,6.642662
0.9934914,-0.32210904,-0.72810763,33.8368052,-84.311771,0.6725306,0.41561553,1.0929371
-0.5427518,-0.4175833,0.5439502,33.8368052,-84.311771,2.2295916,1.1336602,20.696934
0.56658703,1.7887106,-0.052064754,33.8368052,-84.311771,0.32219186,1.7990044,9.711869
7.99E-04,-0.0014647373,-1.33E-04,33.8368052,-84.311771,0.23415802,1.7648689,9.569338
0.05060002,0.12876374,0.011451583,33.8368052,-84.311771,-1.3121234,1.1701913,9.581315
-0.6114613,1.1189262,-1.4767215,33.8368052,-84.311771,-10.8197775,-1.7379197,10.767077
-0.5442165,-1.6944348,1.7145417,33.8368052,-84.311771,-1.7199535,-0.89231575,7.7607517
0.0310258,-1.6753932,-0.45500067,33.8368052,-84.311771,2.3391848,1.8960212,6.3474193
0.53143334,-0.10133319,0.061119493,33.8368052,-84.311771,1.0821574,0.5749149,2.0649025
-0.123703726,-2.118543,-0.1861548,33.8368052,-84.311771,-0.4970618,3.9675114,13.983007
-0.12623373,5.5817146,-0.95594084,33.8368052,-84.311771,-0.010779654,2.3224165,8.279971
0.0030626326,0.3732417,0.0142479,33.8368052,-84.311771,-0.6964854,1.6073661,9.5783205
0.034754224,0.16711321,0.009720529,33.8368052,-84.311771,-2.2619307,0.7240334,9.619643
-0.639025,1.5618095,0.33262855,33.8368052,-84.311771,-9.946626,-0.6851069,10.615563
0.13928321,-1.156743,1.47286,33.8368052,-84.311771,-1.7097728,-0.092225924,8.993824
-1.0118672,-1.2582093,0.06684528,33.8368052,-84.311771,3.0338736,2.658981,3.7728786
0.88749766,0.004394212,-0.008788424,33.8368052,-84.311771,3.9429576,2.3870943,6.655837
-1.1900325,0.3548659,-0.07270423,33.8368052,-84.311771,3.005128,1.4528577,6.974436
0.3444796,0.34767538,0.13941637,33.8368052,-84.311771,-0.15929933,-0.2012202,0.21020325
0.80427396,-1.340501,1.1185267,33.8368052,-84.311771,-0.20241794,1.3779991,6.6366735
0.019574217,2.866624,-0.114915304,33.8368052,-84.311771,0.67372835,1.4851967,9.6507845
0.005992107,0.018508954,7.99E-04,33.8368052,-84.311771,-0.28146872,0.4539432,9.558558
-0.08082687,0.21331902,-2.1965735,33.8368052,-84.311771,-5.6940527,1.8546993,11.9025345
-0.139949,0.5860281,-0.54474914,33.8368052,-84.311771,-4.3004827,0.39465508,7.603848
0.047936857,-1.9523617,0.7094655,33.8368052,-84.311771,3.3051615,0.4401692,6.7923794
0.69322026,-0.71319395,-0.4290349,33.8368052,-84.311771,3.21054,2.9512296,4.0693192
0.3868238,0.27071008,0.22050954,33.8368052,-84.311771,-0.20181906,-0.1616948,0.6000674
-0.7266429,0.5163865,1.2006851,33.8368052,-84.311771,1.4534566,1.8990157,12.313957
0.061518967,0.14887057,-0.015712637,33.8368052,-84.311771,0.8246435,1.1779766,9.687914
9.32E-04,-9.32E-04,-2.66E-04,33.8368052,-84.311771,0.82763785,1.180372,9.683722
3.99E-04,-5.33E-04,1.33E-04,33.8368052,-84.311771,0.8324288,1.1791743,9.68432
2.66E-04,-2.66E-04,0,33.8368052,-84.311771,0.836022,1.1809709,9.68432
-1.33E-04,2.66E-04,1.33E-04,33.8368052,-84.311771,0.83123106,1.1815698,9.681926
1.33E-04,0,-3.99E-04,33.8368052,-84.311771,0.83123106,1.1875585,9.686117
-5.33E-04,-1.33E-04,0,33.8368052,-84.311771,0.8318299,1.1863607,9.683124
2.66E-04,-3.99E-04,0,33.8368052,-84.311771,0.8342254,1.1845641,9.689112
0,-1.33E-04,-1.33E-04,33.8368052,-84.311771,0.8372198,1.1863607,9.687315
-2.66E-04,1.33E-04,2.66E-04,33.8368052,-84.311771,0.8372198,1.1917505,9.681327
-1.33E-04,1.33E-04,-1.33E-04,33.8368052,-84.311771,0.35213536,1.1719879,9.764569
-0.028229482,-0.16498269,-0.9287766,33.8368052,-84.311771,-1.5929933,1.3995583,11.593517
0.312788,1.9319886,-1.5556842,33.8368052,-84.311771,-4.1615453,1.1492308,11.546805
-0.50147283,-1.859018,0.98923033,33.8368052,-84.311771,1.9217727,-0.638395,8.16978
0.11717899,-0.659265,-1.1833746,33.8368052,-84.311771,3.0027323,3.3183367,2.3577497
0.31451905,-0.08934898,0.02969422,33.8368052,-84.311771,-0.04970618,-0.036531046,0.2425422
0.008255793,-0.041678436,0.137419,33.8368052,-84.311771,-1.7271401,3.445896,9.26092
-0.3245059,1.7022911,-0.07017423,33.8368052,-84.311771,-0.63240635,2.7122805,9.369914
0.03901528,0.11638004,0.025965799,33.8368052,-84.311771,-0.85638356,2.0199873,9.505857
-0.84968084,0.48669228,-0.5905555,33.8368052,-84.311771,-8.187746,-1.162406,13.367968
-0.67391235,-1.7480974,1.9728681,33.8368052,-84.311771,-0.095220275,-0.8444062,7.300221
-0.1332911,-1.1403646,-0.8065376,33.8368052,-84.311771,3.24767,1.9223715,5.139499
-0.25433168,0.30692905,-0.041012645,33.8368052,-84.311771,-0.120372795,-0.2030168,0.0808474
1.2784494,-1.0548772,-0.24767376,33.8368052,-84.311771,-1.8828461,1.0791631,7.2055993
-0.45233753,0.5005407,0.12929636,33.8368052,-84.311771,0.46771717,1.842123,9.613055
-6.66E-04,0.0035952644,-0.0017310532,33.8368052,-84.311771,0.028146872,1.4804057,9.40944
-0.38735646,0.029960537,-1.7045548,33.8368052,-84.311771,-7.5493507,-3.1542463,14.44234
-0.029960537,-0.75686973,0.72291446,33.8368052,-84.311771,-0.5323951,-1.5798181,6.9403
-0.33515853,-1.3907015,-0.44994068,33.8368052,-84.311771,2.3918853,0.59228206,7.0852265
0.81372815,-0.13808478,-0.34993908,33.8368052,-84.311771,0.064677924,0.17906202,0.24972863
0.8665919,-0.19441059,0.45193806,33.8368052,-84.311771,-4.483737,5.0550585,13.4410305
0.81186396,1.2851073,-0.10293109,33.8368052,-84.311771,-0.6563611,2.149343,10.043044
0.0030626326,-0.013182636,-0.0011984215,33.8368052,-84.311771,-0.7108583,1.130067,9.556163
-0.027430536,-0.08415582,-0.7998797,33.8368052,-84.311771,-1.9259647,0.59288096,12.481641
-0.30320063,1.0776472,-0.45979437,33.8368052,-84.311771,-4.5873413,-3.3824158,10.193959
0.5845634,-2.0315907,0.3679154,33.8368052,-84.311771,2.1295805,0.1754688,7.301419
1.1872362,-0.19813901,-0.22676797,33.8368052,-84.311771,2.0379534,1.8439196,2.660179
-0.8408924,-0.5902892,-0.19560902,33.8368052,-84.311771,3.6249578,-2.55358,20.234608
0.91173244,2.539322,-0.2424806,33.8368052,-84.311771,-0.27248567,1.3726093,9.541191
0.026764747,0.061785284,0.001997369,33.8368052,-84.311771,-0.5096381,1.4474679,9.596886
0.07310371,0.13981584,-0.079628445,33.8368052,-84.311771,-4.38672,0.7947,10.791032
-2.04464,2.1258664,-0.15366426,33.8368052,-84.311771,-7.079837,-2.806902,9.926264
0.501606,-2.7256098,1.3358405,33.8368052,-84.311771,0.68450797,-0.5791069,7.0115657
1.0020134,-0.2700443,-1.2253194,33.8368052,-84.311771,1.3252985,2.1631172,1.5594566
0.79135764,-0.089082666,0.050866332,33.8368052,-84.311771,-5.5694876,3.399184,11.868399
-1.856488,1.6173364,-0.16564848,33.8368052,-84.311771,-0.48807874,1.2486432,11.293484
-0.029561063,0.03422159,0.0010652635,33.8368052,-84.311771,-0.4737059,1.479208,9.671744
2.66E-04,0.0015978953,-3.99E-04,33.8368052,-84.311771,-2.8266647,0.17127672,9.632219
-0.7733813,1.3235899,-0.06804371,33.8368052,-84.311771,-10.268219,-2.0511284,12.015121
-0.44408172,-1.4226594,1.5413032,33.8368052,-84.311771,-0.0670734,-2.5116591,7.6379833
0.16977638,-0.99136084,-1.0034783,33.8368052,-84.311771,2.3361905,2.4625518,4.341206
-0.21371849,0.18282585,0.09960214,33.8368052,-84.311771,-0.108994275,-0.12995471,0.28146872
0.58136755,-0.4201133,-0.90294397,33.8368052,-84.311771,-1.6187446,1.0677845,6.1791368
-1.4136047,0.46778384,-0.4040012,33.8368052,-84.311771,-1.4414792,1.2570274,9.613654
-7.99E-04,6.66E-04,-1.33E-04,33.8368052,-84.311771,-1.4438747,1.2504398,9.616649
-2.66E-04,5.33E-04,-1.33E-04,33.8368052,-84.311771,-1.446869,1.2534342,9.619044
-5.33E-04,2.66E-04,1.33E-04,33.8368052,-84.311771,-1.4444735,1.254033,9.6178465
-6.66E-04,5.33E-04,0,33.8368052,-84.311771,-1.4456713,1.2504398,9.619044
-3.99E-04,-1.33E-04,3.99E-04,33.8368052,-84.311771,-1.4480668,1.2522364,9.612456
0,-1.33E-04,-3.99E-04,33.8368052,-84.311771,-1.4486656,1.2534342,9.61605
0,2.66E-04,1.33E-04,33.8368052,-84.311771,-1.6498859,1.2516376,9.532208
0.04314317,0.20559587,0.003994738,33.8368052,-84.311771,-2.7026987,-0.59407866,9.93944
-0.9665935,1.6445006,-0.34993908,33.8368052,-84.311771,-6.772617,1.6001797,9.656773
-0.21891165,-1.041295,2.2971077,33.8368052,-84.311771,-0.08803384,-0.21679081,8.70996
0.065646864,-0.9843035,0.3925496,33.8368052,-84.311771,1.4624397,0.6545645,6.8271136
0.47510752,-0.33768854,0.050999492,33.8368052,-84.311771,2.1199985,0.44795448,4.332223
-0.20013638,-0.4761728,0.55380386,33.8368052,-84.311771,-0.053898267,-0.059886962,0.5838979
-0.28229484,0.32091063,0.46139225,33.8368052,-84.311771,1.0102931,0.31320882,10.256841
1.4334452,0.54621387,-0.13555479,33.8368052,-84.311771,0.9779541,0.84201074,9.702886
7.99E-04,2.66E-04,-2.66E-04,33.8368052,-84.311771,0.9779541,0.84560394,9.705281
6.66E-04,0,2.66E-04,33.8368052,-84.311771,0.9731632,0.84560394,9.701089
5.33E-04,-1.33E-04,-5.33E-04,33.8368052,-84.311771,0.87434965,0.87075645,9.668152
0.106792666,0.21371849,0.016777901,33.8368052,-84.311771,0.6671408,1.0432309,9.8621855
-0.19041586,0.07749792,0.014514215,33.8368052,-84.311771,-0.29284725,1.4768125,10.750309
0.69441867,-0.18735322,1.0037446,33.8368052,-84.311771,2.223603,2.3511622,9.917281
-0.6012081,0.9715203,0.78430027,33.8368052,-84.311771,0.8186548,0.33416927,8.500955
0.037151065,-0.81439394,-0.68656236,33.8368052,-84.311771,2.0744843,1.8481117,6.0982895
0.14061478,0.066312656,-0.12623373,33.8368052,-84.311771,-0.079649664,-0.105999924,0.18505071
0.27110958,0.51811755,0.7844334,33.8368052,-84.311771,0.74439496,-0.26290378,5.819815
0.024501061,0.15486269,0.15845795,33.8368052,-84.311771,0.94381857,-0.17666654,9.799304
-0.06191844,-0.14207952,0.0030626326,33.8368052,-84.311771,1.1791743,-0.2760789,9.699292
0.029561063,0.008655266,-0.3438138,33.8368052,-84.311771,1.0234683,0.2503275,9.705281
0.16205321,-0.2029327,-0.17496954,33.8368052,-84.311771,0.57970583,-0.34554777,10.549687
-0.7793734,1.8675401,-1.0994852,33.8368052,-84.311771,-4.390313,-1.9840552,12.601415
0.7139929,-1.6891085,0.3536675,33.8368052,-84.311771,3.1440656,0.25152525,6.946888
-0.060986336,-0.9175914,-0.43649173,33.8368052,-84.311771,3.9896696,2.2337837,5.067036
-0.08455529,0.11065425,-0.435027,33.8368052,-84.311771,0.12755923,-0.17966089,0.5120335
-0.7787076,0.7424887,1.273922,33.8368052,-84.311771,3.1704159,-6.5713964,23.112774
0.5147886,-0.51718545,-0.15393057,33.8368052,-84.311771,1.4420781,0.2856608,9.596886
2.66E-04,-3.99E-04,-1.33E-04,33.8368052,-84.311771,1.3672193,0.32578507,9.65318
0.052597385,0.06604634,-0.0061252653,33.8368052,-84.311771,1.3444623,0.87674516,9.751993
-0.10918951,0.40919435,-0.34634382,33.8368052,-84.311771,-2.31523,2.1810832,14.024329
-0.3615238,0.021571586,0.6283723,33.8368052,-84.311771,-1.2576262,-0.22936708,7.4613166
0.20466375,-1.1444925,-0.2957438,33.8368052,-84.311771,4.2094545,0.48388666,6.608526
0.35033855,-0.5717802,-0.8069371,33.8368052,-84.311771,3.4279299,1.6756372,3.8052177
-0.8434224,0.3238401,0.4711128,33.8368052,-84.311771,-0.109593146,-0.1419321,0.5443725
0.6954839,1.1696594,1.0752504,33.8368052,-84.311771,1.3708127,-0.87075645,10.758693
1.3518194,0.0310258,-0.113051094,33.8368052,-84.311771,1.2324737,0.0059886966,9.704682
0.025965799,0.044741068,0.0017310532,33.8368052,-84.311771,0.94501626,0.36770597,9.744806
-0.020106848,-0.32730222,-0.5040028,33.8368052,-84.311771,-3.4518845,-2.9362578,15.791594
-0.38615802,1.6849806,-0.013315794,33.8368052,-84.311771,-1.1312647,-0.69169444,6.5085154
-0.44594595,-1.2900342,-0.47350964,33.8368052,-84.311771,3.0829809,0.95579594,6.36299
0.8438219,-0.08149266,-0.20652796,33.8368052,-84.311771,2.1661115,0.35393196,2.3050492
-1.8982996,-2.0903134,0.08162582,33.8368052,-84.311771,22.621103,-12.674477,-1.6594678
0.21385165,4.2802286,-4.5802336,33.8368052,-84.311771,-5.1203356,3.197365,-6.080323
3.3523843,9.1199875,-2.195375,33.8368052,-84.311771,1.8019987,0.13235019,-9.62623
-0.027563693,0.12343741,0.020506322,33.8368052,-84.311771,8.316503,-1.892428,-8.312909
2.1675448,6.471875,1.3612736,33.8368052,-84.311771,6.0940976,-0.16528802,4.1837034
1.8720675,1.5704647,-0.29361326,33.8368052,-84.311771,4.2100534,2.3511622,8.253022
0.3669833,0.1763011,-0.5745765,33.8368052,-84.311771,-0.22996594,2.1972528,6.992402
-1.1464899,0.71985185,0.021571586,33.8368052,-84.311771,0.45034996,-1.5630498,11.643823
-0.46884912,0.015978953,0.42850226,33.8368052,-84.311771,-0.6114459,-2.6673653,9.218999
-0.31838062,0.20905797,0.09494161,33.8368052,-84.311771,0.34554777,-2.2062356,8.653068
0.57763916,0.18282585,-0.5434176,33.8368052,-84.311771,-0.060485832,-0.40543476,7.912266
1.0566082,-0.5717802,-0.8896282,33.8368052,-84.311771,-0.65216905,2.3972752,4.9400754
-0.17963006,0.054062124,-0.08748477,33.8368052,-84.311771,-0.12995471,-0.030542351,0.2485309
-1.0105356,-1.6819179,-0.73383343,33.8368052,-84.311771,-2.4601564,0.33776248,6.3695774
-0.5384907,1.3293157,0.30093694,33.8368052,-84.311771,-1.03844,0.9917281,9.697496
0.0014647373,0.0026631588,0,33.8368052,-84.311771,-1.4348917,1.1222817,9.701688
0.13049479,0.20746008,0.02530001,33.8368052,-84.311771,-4.5454206,-0.61264366,13.110454
-0.790825,1.1693931,1.4141374,33.8368052,-84.311771,-4.8861775,-0.13354793,3.9543362
-0.82731026,-0.23835272,0.9249151,33.8368052,-84.311771,-3.7692854,0.4892765,8.950107
-0.24580956,-0.20173427,-0.05166528,33.8368052,-84.311771,-1.235468,0.4060336,9.960999
0.30692905,-0.7898929,0.6878939,33.8368052,-84.311771,-1.1540217,0.891118,8.951304
-0.20772639,0.509196,0.029561063,33.8368052,-84.311771,-2.1553319,1.2797844,11.743235
-0.11837741,-0.28189537,0.3213101,33.8368052,-84.311771,0.5539544,0.85997677,9.068084
0.38882118,-0.5065328,-0.8333024,33.8368052,-84.311771,0.20960437,1.1893551,8.235056
-0.3289001,0.1231711,-0.54621387,33.8368052,-84.311771,-1.6373096,1.6313208,9.540592
-0.4014712,-0.6009418,-0.63516337,33.8368052,-84.311771,-0.7431972,1.1671969,9.893327
0.503337,0.13768531,-0.414787,33.8368052,-84.311771,-2.223603,2.7997155,9.54718
-0.15872426,0.48962176,-0.21957745,33.8368052,-84.311771,-3.0015347,-0.59587526,8.07396
-1.0885662,-0.59827864,-0.4504733,33.8368052,-84.311771,-0.47430477,-3.569263,16.016768
1.4179989,-0.54048806,-2.0036275,33.8368052,-84.311771,-0.9492084,-1.8732642,0.010180783
-0.51359016,0.23861903,-5.6835804,33.8368052,-84.311771,-0.9659767,-1.8535016,0.5821013
0.7582013,0.36551854,-5.6666694,33.8368052,-84.311771,-1.6013774,0.44436127,8.488977
0.16737953,1.3663336,0.077098444,33.8368052,-84.311771,-0.45454204,0.05150279,9.747801
0.02263685,-0.041678436,-0.011185267,33.8368052,-84.311771,-3.293184,-0.4695138,9.435191
-0.015313163,0.6233123,-0.93130666,33.8368052,-84.311771,-3.6818504,-1.0647902,7.606243
0.77497923,-0.049534753,-1.6048195,33.8368052,-84.311771,0.8737508,0.62821424,10.041846
0.04913528,-0.57404387,1.6658058,33.8368052,-84.311771,0.018564958,0.27068907,10.067597
0.13701952,-0.69894606,0.5824328,33.8368052,-84.311771,-0.9743609,2.5302243,8.822548
-0.37843487,-1.1222551,0.8916256,33.8368052,-84.311771,1.5690384,-2.3565521,11.955833
0.7864308,-0.872584,-1.0130656,33.8368052,-84.311771,2.5715463,-0.16349141,6.667216
-1.1169288,-0.4720449,-0.67391235,33.8368052,-84.311771,4.0459633,-0.7126549,9.856196
1.2636689,1.0562087,-1.0376998,33.8368052,-84.311771,-0.8264401,0.14732192,14.223154
0.5593965,-0.50759804,0.12037478,33.8368052,-84.311771,0.75697124,0.81326497,10.019089
-0.98643404,-1.4310484,-1.2929636,33.8368052,-84.311771,0.14851967,1.3061347,1.6379085
-0.4695149,-0.3672496,-1.0245172,33.8368052,-84.311771,-0.08204514,-0.124564886,0.4222031
-0.789094,0.45513386,-0.8797745,33.8368052,-84.311771,1.4768125,-0.20361568,7.642175
0.7061366,1.6235948,-0.46658543,33.8368052,-84.311771,1.0989258,-0.059886962,9.737021
0.014381058,0.19960375,-0.037017908,33.8368052,-84.311771,2.934461,0.22038403,9.420818
-0.14647374,-1.8104154,-0.11371688,33.8368052,-84.311771,6.946888,-2.4445858,9.987947
-1.6100127,1.0603367,-0.41052592,33.8368052,-84.311771,2.0283716,-2.1738968,11.592918
0.9546093,0.8322371,0.4892223,33.8368052,-84.311771,-0.016169481,1.3774002,6.79717
1.0532793,-0.39747646,-1.1952257,33.8368052,-84.311771,-0.8102706,0.30482465,0.4970618
-0.6768418,-2.7381268,-0.7539403,33.8368052,-84.311771,-1.3935696,4.1513643,22.041397
-0.12929636,4.375437,-0.83183765,33.8368052,-84.311771,-3.7135906,0.73840624,7.7248197
-0.04593949,-0.006524739,-0.030093694,33.8368052,-84.311771,-4.3124604,0.78212374,8.687203
-0.013049478,0.16298532,-0.047537386,33.8368052,-84.311771,-4.060935,0.5767115,9.992739
-1.1763172,0.94076085,0.52597386,33.8368052,-84.311771,-11.091664,1.3911742,11.192275
-1.349822,-1.4178658,4.875445,33.8368052,-84.311771,2.021185,1.9409364,5.5467305
-0.025033694,0.22863218,-0.5451486,33.8368052,-84.311771,-0.17007898,-0.059886962,0.13893776
1.9596854,2.5660868,-0.86419505,33.8368052,-84.311771,-14.71782,6.445634,-20.468765
2.9055064,3.6348124,-0.2424806,33.8368052,-84.311771,-1.7235469,0.29344612,-9.508253
-0.019707374,-0.010253161,0.0017310532,33.8368052,-84.311771,-0.9228581,0.057491485,-9.517835
0.04700475,0.21358533,-0.2916159,33.8368052,-84.311771,1.3390725,-1.1132987,-10.6083765
2.1944427,2.8881958,0.2703106,33.8368052,-84.311771,12.012726,-4.76281,-2.8314557
0.5651223,-0.5118591,-2.8316035,33.8368052,-84.311771,-1.5678407,-0.79829323,-0.03413557
-1.982988,6.809697,0.3320959,33.8368052,-84.311771,1.584609,-12.84755,-23.588278
-2.9144278,6.2360525,-1.535178,33.8368052,-84.311771,2.770371,-0.67971706,-9.873564
0.21291955,0.13568795,0.03169159,33.8368052,-84.311771,2.7817495,-0.49646294,-9.4837
-0.2982738,0.041012645,0.5207807,33.8368052,-84.311771,7.006775,-6.6534414,-6.2773514
-0.15286532,8.36112,1.7908411,33.8368052,-84.311771,5.6012278,0.0077853054,10.514953
0.27217484,0.18735322,-0.9249151,33.8368052,-84.311771,1.0779654,1.3025415,3.8974435
-0.6973481,1.2173299,-2.122804,33.8368052,-84.311771,-0.2365535,-0.2305648,0.39944604
0.19068217,1.7134764,-1.959286,33.8368052,-84.311771,-6.5294757,-3.4854212,11.192874
-0.86059976,2.0185413,0.18508954,33.8368052,-84.311771,-3.950144,-0.2700902,8.96987
0.0026631588,0.0062584234,0.0034621065,33.8368052,-84.311771,-3.8381555,-0.2605083,9.018977
-0.07057371,-0.3219759,0.041145805,33.8368052,-84.311771,-1.594191,1.0144851,13.244002
-0.34860748,-1.8020264,-2.1686103,33.8368052,-84.311771,1.7145637,-0.23715238,8.823146
0.08588687,1.4409021,-0.03289001,33.8368052,-84.311771,-0.7593667,-0.5186211,1.0809597
0.15193321,0.7531413,-1.7670059,33.8368052,-84.311771,-0.18085863,-0.25272298,1.0216717
1.0973545,-0.78789556,-1.755288,33.8368052,-84.311771,-2.0978403,0.11498297,8.162593
-2.2996376,-0.24514377,-0.15686005,33.8368052,-84.311771,-1.7379197,0.5120335,9.651982
0.07017423,-0.10865688,0.0029294747,33.8368052,-84.311771,-1.7361231,0.6270165,9.91788
0.044874225,-0.090281084,-0.3105243,33.8368052,-84.311771,-2.9386532,-5.26107,12.48763
1.6057516,3.016693,-3.4900696,33.8368052,-84.311771,-2.4847102,-1.3516488,8.155407
0.4242412,-1.8885791,-0.25180167,33.8368052,-84.311771,2.957817,1.2995471,4.396302
0.8404929,-0.3704454,-1.2173299,33.8368052,-84.311771,-0.06407905,-0.061683573,0.01796609
0.9608677,0.84968084,-0.5030707,33.8368052,-84.311771,0.19223715,-5.0400867,13.754239
1.006674,0.29587695,-0.37630433,33.8368052,-84.311771,-0.14672306,1.3294905,9.701688
-0.0014647373,-0.0011984215,0,33.8368052,-84.311771,-0.20481342,0.5383838,9.595089
-0.6169207,-0.045673173,-0.037683696,33.8368052,-84.311771,-9.81727,-3.9860764,11.006625
-0.72677606,2.6503756,0.27616957,33.8368052,-84.311771,-7.452334,-2.8218737,7.712243
0.5645897,-2.477004,0.59348494,33.8368052,-84.311771,-0.20002246,0.018564958,1.4504622
-0.47950175,-4.533229,-1.5317158,33.8368052,-84.311771,-0.28506196,0.08144627,-0.13654228
-1.8066869,-4.212984,-0.26551694,33.8368052,-84.311771,2.3308005,0.15630497,-10.183179
-0.06285055,-0.5138565,0.043542646,33.8368052,-84.311771,2.3763146,-0.030542351,-9.377101
-0.07017423,0.40892804,-0.004394212,33.8368052,-84.311771,5.2904143,-2.1451511,-7.9541864
1.4643378,3.7646413,1.4486252,33.8368052,-84.311771,7.723023,-8.780027,9.640004
1.0779135,2.417216,-0.15313163,33.8368052,-84.311771,3.2596474,-2.0565183,5.906651
0.1491369,1.433312,-2.9996488,33.8368052,-84.311771,-0.66654193,-1.1606094,0.27548003
1.7820528,1.7017585,-4.408726,33.8368052,-84.311771,0.2742823,1.6708463,25.840027
1.0845715,-2.0618176,-0.004394212,33.8368052,-84.311771,0.5461691,1.3264962,10.130479
-0.002263685,-0.050866332,0.0029294747,33.8368052,-84.311771,0.9228581,1.015084,9.507654
-0.147539,0.10932267,0.15326479,33.8368052,-84.311771,4.663398,3.2027547,9.388479
0.6310355,-3.0296094,-1.0543445,33.8368052,-84.311771,12.078602,3.1734102,7.4211926
0.81545925,2.2458417,2.863295,33.8368052,-84.311771,-1.4953774,1.0588015,0.5497623
2.1393154,10.648108,2.0004318,33.8368052,-84.311771,-3.739941,-1.7277389,-0.013774002
-1.9636801,10.747577,-1.788178,33.8368052,-84.311771,-8.209904,4.3519855,7.5888762
1.1696594,8.281891,-0.5195823,33.8368052,-84.311771,-0.44076806,1.3762025,9.669948
0.0015978953,6.66E-04,-3.99E-04,33.8368052,-84.311771,1.2276827,1.6660553,9.320807
-0.13036162,-0.6765755,0.4936165,33.8368052,-84.311771,4.2903023,0.6096493,10.697009
0.26085642,-0.8855003,0.29427904,33.8368052,-84.311771,5.4377365,1.1977392,10.553281
-0.88350296,2.3256035,0.96006876,33.8368052,-84.311771,-4.3436017,0.6216267,-0.335367
1.3956283,13.301413,0.24501061,33.8368052,-84.311771,-14.72321,-21.81203,-18.53262
-5.7039537,9.5942955,0.67843974,33.8368052,-84.311771,1.6624621,1.5558633,-10.126885
-0.042477384,-0.4814991,0.15712637,33.8368052,-84.311771,1.203728,1.9475241,-9.389677
-0.033955276,-0.22823271,-0.018375795,33.8368052,-84.311771,0.4497511,2.0738854,-9.493281
-0.061252654,-0.09347688,-0.06844318,33.8368052,-84.311771,-1.7552869,-3.2326982,-13.161957
0.472977,-0.83636504,0.11424951,33.8368052,-84.311771,5.4142017,2.2310612,-1.678589
0.40723136,-6.4971366,-5.072426,33.8368052,-84.311771,-0.022757046,-4.1268106,-0.18744619
8.791753,0.30866012,0.14421006,33.8368052,-84.311771,1.2097167,-5.867126,-27.36475
-1.903626,-3.9077861,0.22943114,33.8368052,-84.311771,-2.6218512,-0.1814575,-9.348355
-0.0074568447,0.0031957906,0.0017310532,33.8368052,-84.311771,-3.1314893,-0.11498297,-9.3537445
-0.06498107,0.057790548,-0.0478037,33.8368052,-84.311771,-3.9956582,-6.2510014,-7.430774
5.020321,-0.34101748,1.4217273,33.8368052,-84.311771,-8.552457,-9.358536,7.9224463
2.3920493,-1.3359736,-0.42783648,33.8368052,-84.311771,-1.0498185,-2.4044616,7.873938
1.3604747,-1.1076077,-1.8057548,33.8368052,-84.311771,-0.19283602,-0.82164913,0.009581914
3.17342,-0.95687294,-1.5825821,33.8368052,-84.311771,-24.13744,13.911741,5.3401203
-5.1425595,-9.280975,-8.425435,33.8368052,-84.311771,-4.7346635,4.941872,-10.5754385
1.3551483,0.48189858,0.72597706,33.8368052,-84.311771,-1.3276939,1.5792192,-9.529214
1.33E-04,0.0050600017,-0.0015978953,33.8368052,-84.311771,0.8120672,5.116742,-10.38979
-1.1147983,0.28202853,2.159955,33.8368052,-84.311771,6.386945,0.06288131,0.8048808
-0.8436887,3.705253,4.2506676,33.8368052,-84.311771,12.360669,-1.993637,9.753191
0.85753715,-0.34141695,-3.0120325,33.8368052,-84.311771,-3.840551,-8.107497,-0.34494892
5.8946357,-0.10612688,-10.924943,33.8368052,-84.311771,-4.2693415,-8.444062,0.42280197
-1.3852421,5.2932944,-11.1161585,33.8368052,-84.311771,-0.36770597,-4.1016583,9.788525
2.348906,-0.3792338,0.5146554,33.8368052,-84.311771,0.3311749,-1.3684171,9.705281
-0.0015978953,0.0033289485,2.66E-04,33.8368052,-84.311771,-0.3335704,-1.415129,10.3179245
0.5841639,2.713892,-1.0346372,33.8368052,-84.311771,-7.938017,1.2917618,8.5877905
1.5463631,-1.7431706,-0.5309007,33.8368052,-84.311771,-2.0104053,0.362915,8.127859
1.2432957,0.7202513,0.8503466,33.8368052,-84.311771,-3.9034324,2.0511284,15.052588
-1.6174695,-1.4765884,-0.02530001,33.8368052,-84.311771,-2.4421904,-4.599918,-0.19942358
0.0058589494,2.0085545,-9.103076,33.8368052,-84.311771,-2.44758,-4.5046973,0.294045
-0.26232114,-1.7006932,-9.151679,33.8368052,-84.311771,-1.3612307,-0.62821424,6.4162893
0.07643266,0.66219443,0.3840275,33.8368052,-84.311771,-2.889546,-0.041920874,9.385485
0.0015978953,-0.004793686,0.0011984215,33.8368052,-84.311771,-2.6847327,-1.6774338,9.793914
-1.0801772,-0.4546012,-2.7228136,33.8368052,-84.311771,3.8363588,-5.4293523,10.961111
-0.37870118,1.0470209,-2.4688814,33.8368052,-84.311771,-0.6767227,-1.3187109,2.6769474
-1.3326447,0.58975655,-0.968724,33.8368052,-84.311771,-1.1204851,-3.9896696,16.129356
2.0473034,-0.68389916,0.837164,33.8368052,-84.311771,-3.8585172,-7.4469438,0.27967212
1.1496856,-0.37404066,-11.327213,33.8368052,-84.311771,-3.642924,-6.9810233,0.17666654
0.20279954,1.1528815,-11.340396,33.8368052,-84.311771,1.2743946,2.701501,6.5917583
-0.5917539,-0.24647535,0.4327633,33.8368052,-84.311771,0.20361568,0.93244004,9.765767
-0.01877527,-0.020639481,-3.99E-04,33.8368052,-84.311771,3.711794,0.91387504,9.635813
0.19081533,2.194709,-1.1408973,33.8368052,-84.311771,-8.602762,0.23835011,9.390276
1.4976274,-0.44994068,-1.5627416,33.8368052,-84.311771,-0.80008984,1.8870382,9.799903
1.4237247,0.20546271,1.0635325,33.8368052,-84.311771,-2.0882585,1.203728,16.995321
-2.3755376,-1.6474301,-1.3250546,33.8368052,-84.311771,-2.6571846,-5.191002,-0.15630497
3.2570431,0.6229128,-9.395225,33.8368052,-84.311771,-2.6931167,-5.167646,1.0629936
-2.6112273,-0.4467449,-8.555531,33.8368052,-84.311771,10.077179,-1.5588577,-1.1833664
-0.2380864,-5.481047,-0.1668469,33.8368052,-84.311771,2.4733317,-0.85818017,-9.384886
5.33E-04,-0.018375795,2.66E-04,33.8368052,-84.311771,3.1901786,-0.4024404,-9.685518
0.24221429,0.57351124,0.89455503,33.8368052,-84.311771,7.345136,-3.9681103,-1.2857732
-2.0082881,3.4806154,0.77284867,33.8368052,-84.311771,4.9802,-5.6203914,6.2911253
-0.9191893,2.2947109,0.11824425,33.8368052,-84.311771,7.726616,-4.2322116,9.807089
1.0354362,1.2847078,-2.5762067,33.8368052,-84.311771,-2.2673204,-4.5466185,-0.059288096
3.333609,0.4438154,-8.686292,33.8368052,-84.311771,-3.8279748,1.5774226,25.37291
-1.0773809,1.405482,-5.021652,33.8368052,-84.311771,0.31440654,1.6103605,11.805517
0.107591614,0.006924213,-0.009720529,33.8368052,-84.311771,-0.13235019,1.7433095,9.622039
-0.0026631588,0.020373166,-2.66E-04,33.8368052,-84.311771,0.08444062,1.5971854,10.644309
0.157659,-2.0021627,-0.33609065,33.8368052,-84.311771,6.2270465,2.6655688,8.477598
-0.6689855,1.2399668,0.05552686,33.8368052,-84.311771,1.2384624,1.5642475,14.460905
-0.6462155,0.17496954,0.41611856,33.8368052,-84.311771,2.5691507,1.4600441,9.495078
0.137419,0.9085366,-3.0993843,33.8368052,-84.311771,-2.3367894,-4.5460196,0.15750271
2.0365176,-1.689508,-8.852074,33.8368052,-84.311771,-7.6188197,-4.0034437,15.081933
-2.0813918,0.112252146,-2.3751383,33.8368052,-84.311771,-1.6594678,-1.1462365,9.850207
0.0026631588,-0.04540686,-0.002263685,33.8368052,-84.311771,-1.5492758,-1.0444286,9.5849085
0.044341594,0.092145294,-0.02916159,33.8368052,-84.311771,3.4614666,-1.6085639,6.9289217
0.20972376,-0.37430698,0.13968268,33.8368052,-84.311771,4.8987536,-5.5101995,7.652356
-0.5826991,0.76312816,0.6399571,33.8368052,-84.311771,0.9114796,-2.0888572,12.828985
1.4165342,0.70680237,0.1418132,33.8368052,-84.311771,-0.9192649,-2.4643486,4.2052627
0.51239175,1.8085512,-4.4458776,33.8368052,-84.311771,-1.7235469,-3.1859865,0.34973988
1.858219,-2.0831227,-7.3218226,33.8368052,-84.311771,-3.0290825,-3.0757945,12.494816
3.2951264,0.21172112,-0.41105857,33.8368052,-84.311771,0.91207844,0.42819178,9.077666
0.07843003,0.0077231606,-0.026764747,33.8368052,-84.311771,0.8228469,0.37728786,9.745405
0.002396843,9.32E-04,-9.32E-04,33.8368052,-84.311771,0.39345735,-0.459333,9.956806
-1.2408988,-0.87151873,-2.7887268,33.8368052,-84.311771,0.84919715,-0.5299996,10.086761
-1.069125,-1.2990888,-0.9639303,33.8368052,-84.311771,-0.96657556,4.3202457,8.760265
-0.074035816,-0.04061317,-0.0070573706,33.8368052,-84.311771,-0.93962646,4.1094437,8.8453045
-0.048735805,-0.008655266,-2.66E-04,33.8368052,-84.311771,-0.9210615,3.895647,8.990231